Player,Team,Matches,Runs,StrikeRate,Average,Salary
Ruturaj Gaikwad,PBKS,12.0,892,152.59,62.47,17496572.0
Shubman Gill,SRH,7.0,437,173.84,42.35,8734049.0
Yashasvi Jaiswal,PBKS,9.0,731,179.3,28.25,29873195.0
Ravindra Jadeja,DC,13.0,889,127.6,65.9,11115790.0
Suryakumar Yadav,GT,2.0,605,137.71,70.04,19800099.0
Sanju Samson,LSG,5.0,456,183.33,55.48,27206264.0
Yashasvi Jaiswal,RCB,,614,129.96,8.52,23047458.0
KL Rahul,RCB,4.0,734,177.33,47.47,13096173.0
Ruturaj Gaikwad,CSK,2.0,697,193.51,62.25,28355734.0
Faf du Plessis,KKR,9.0,695,158.55,15.24,7290860.0
MS Dhoni,MI,9.0,494,171.58,22.15,24588534.0
Ruturaj Gaikwad,GT,6.0,673,178.56,71.19,22966258.0
Suryakumar Yadav,MI,11.0,246,182.95,6.51,6173077.0
Suryakumar Yadav,LSG,6.0,542,133.46,61.45,26756036.0
Sanju Samson,PBKS,8.0,563,95.64,40.53,9811102.0
KL Rahul,RCB,6.0,856,134.21,38.51,16628044.0
Shubman Gill,LSG,1.0,587,164.11,5.53,20302171.0
Sanju Samson,PBKS,4.0,896,139.54,66.45,14419257.0
Sanju Samson,RCB,,438,172.39,31.99,24805152.0
MS Dhoni,PBKS,7.0,277,129.27,45.56,9754895.0
Hardik Pandya,KKR,13.0,551,159.82,55.8,5551741.0
KL Rahul,GT,13.0,612,110.51,57.7,21243548.0
Rohit Sharma,SRH,2.0,110,172.43,76.7,27867223.0
Sanju Samson,LSG,9.0,384,150.03,44.85,22501025.0
Jasprit Bumrah,LSG,8.0,832,112.45,34.98,14960710.0
Rinku Singh,RR,8.0,760,122.11,,5156837.0
Hardik Pandya,DC,7.0,190,172.35,53.16,19027044.0
Rohit Sharma,KKR,4.0,489,143.09,27.36,5519676.0
Jasprit Bumrah,KKR,2.0,693,113.76,14.48,15184259.0
KL Rahul,MI,3.0,425,196.4,68.19,18593825.0
Virat Kohli,PBKS,12.0,404,168.66,32.16,23388137.0
Jasprit Bumrah,DC,6.0,334,195.28,54.54,19250431.0
Faf du Plessis,GT,12.0,208,136.98,40.31,26240809.0
Hardik Pandya,GT,12.0,21,142.26,19.92,11916950.0
Yashasvi Jaiswal,KKR,5.0,677,188.78,50.13,20915509.0
Jasprit Bumrah,GT,12.0,610,147.76,9.55,24471886.0
David Warner,RR,8.0,207,167.8,36.0,21650974.0
Virat Kohli,LSG,6.0,7,117.74,46.0,28747962.0
Suryakumar Yadav,CSK,6.0,701,139.14,37.7,27437064.0
Suryakumar Yadav,SRH,1.0,686,103.58,61.15,21460025.0
Ravindra Jadeja,MI,4.0,784,112.66,67.09,9161460.0
Faf du Plessis,PBKS,5.0,528,90.1,62.84,14125272.0
Jasprit Bumrah,SRH,12.0,601,94.32,7.91,12402072.0
Jasprit Bumrah,PBKS,11.0,652,197.5,19.56,27653052.0
Ravindra Jadeja,RCB,3.0,656,116.66,45.25,6506440.0
Rinku Singh,SRH,13.0,165,162.96,75.11,13181494.0
Rinku Singh,CSK,9.0,848,182.3,67.62,9411045.0
Ravindra Jadeja,KKR,,495,150.57,68.19,20841429.0
Rinku Singh,RR,6.0,589,106.85,27.74,23254698.0
MS Dhoni,LSG,6.0,428,170.09,37.21,16229526.0
Jasprit Bumrah,LSG,10.0,773,156.03,40.3,16701980.0
Ruturaj Gaikwad,RR,5.0,162,170.44,16.8,11621504.0
Shubman Gill,DC,12.0,365,174.67,7.33,19400309.0
David Warner,RCB,5.0,525,197.3,76.02,11528925.0
MS Dhoni,PBKS,10.0,238,153.09,23.05,22902880.0
KL Rahul,CSK,14.0,71,127.58,23.0,7667107.0
MS Dhoni,GT,13.0,444,161.33,11.25,25502779.0
Ruturaj Gaikwad,SRH,5.0,654,97.53,74.64,12231445.0
KL Rahul,RCB,6.0,821,188.71,48.48,18510278.0
David Warner,SRH,8.0,508,103.13,55.03,27934919.0
Ruturaj Gaikwad,CSK,2.0,794,126.06,73.37,25157851.0
Rohit Sharma,MI,6.0,268,179.73,30.92,24736748.0
Shubman Gill,MI,1.0,752,155.7,51.61,25927338.0
David Warner,RCB,4.0,414,133.3,7.91,13198344.0
Jasprit Bumrah,KKR,14.0,244,142.08,19.01,6106136.0
Rinku Singh,CSK,10.0,674,184.0,67.34,5901495.0
Rohit Sharma,CSK,3.0,59,127.4,62.51,24898063.0
Faf du Plessis,RR,9.0,5,185.66,31.3,15700361.0
David Warner,KKR,3.0,708,99.69,33.26,15862366.0
Faf du Plessis,PBKS,6.0,569,175.45,45.02,20363839.0
KL Rahul,PBKS,1.0,816,183.23,5.02,10131131.0
Rohit Sharma,GT,12.0,406,110.0,23.09,9474445.0
Shubman Gill,LSG,6.0,216,137.34,20.62,26946027.0
Jasprit Bumrah,MI,4.0,25,108.2,23.79,8149407.0
Ravindra Jadeja,PBKS,8.0,814,167.73,65.44,28556913.0
Jasprit Bumrah,KKR,13.0,4,148.89,25.98,25487540.0
Ruturaj Gaikwad,CSK,11.0,531,159.89,19.36,12546128.0
Jasprit Bumrah,PBKS,9.0,389,111.61,42.82,28763874.0
Yashasvi Jaiswal,CSK,4.0,709,113.29,69.92,14371520.0
Sanju Samson,PBKS,10.0,570,94.56,23.1,12278492.0
Ravindra Jadeja,MI,12.0,447,125.43,10.89,7544306.0
MS Dhoni,SRH,10.0,753,151.57,31.73,
Rinku Singh,PBKS,6.0,145,184.37,61.07,24101180.0
Virat Kohli,KKR,1.0,387,163.36,,22360003.0
Shubman Gill,PBKS,4.0,784,137.89,66.26,5023382.0
Rohit Sharma,LSG,7.0,248,194.84,76.97,17192062.0
Sanju Samson,MI,12.0,525,169.12,64.45,10617492.0
Shubman Gill,KKR,1.0,461,192.32,50.29,12346796.0
Rohit Sharma,RR,8.0,12,148.03,42.0,9940560.0
Rinku Singh,KKR,12.0,383,118.48,8.01,6342643.0
Hardik Pandya,LSG,10.0,555,95.81,78.82,14692217.0
Hardik Pandya,SRH,12.0,886,169.87,33.76,6930719.0
Faf du Plessis,MI,11.0,398,103.34,,14299953.0
Shubman Gill,RR,6.0,18,123.31,,13259150.0
Hardik Pandya,LSG,5.0,574,148.57,26.32,8428811.0
Yashasvi Jaiswal,LSG,10.0,490,152.09,48.93,14455984.0
Ravindra Jadeja,RCB,11.0,750,156.06,49.01,7513614.0
Rohit Sharma,MI,14.0,418,108.29,38.43,26623329.0
Faf du Plessis,KKR,9.0,336,131.77,67.71,24320389.0
Jasprit Bumrah,CSK,2.0,418,157.89,24.87,24921936.0
Rohit Sharma,SRH,5.0,611,196.68,38.65,8791343.0
Faf du Plessis,CSK,6.0,674,170.04,45.33,23399728.0
Rinku Singh,KKR,7.0,121,191.49,54.77,21630264.0
Shubman Gill,KKR,5.0,431,173.84,63.8,5450067.0
Rinku Singh,MI,9.0,43,155.09,34.61,27969288.0
Ravindra Jadeja,KKR,1.0,871,111.12,53.45,10010500.0
Ravindra Jadeja,RCB,7.0,316,163.34,16.3,11061782.0
Sanju Samson,RR,10.0,380,158.57,74.95,17314784.0
Rinku Singh,KKR,7.0,144,156.27,33.73,28238245.0
Ruturaj Gaikwad,CSK,4.0,326,143.88,59.71,29174455.0
Jasprit Bumrah,KKR,9.0,362,148.15,6.53,27154384.0
David Warner,RCB,14.0,49,126.79,20.39,29794680.0
Rinku Singh,PBKS,12.0,64,147.12,41.53,18725266.0
Sanju Samson,PBKS,11.0,354,111.73,70.87,28198688.0
KL Rahul,LSG,,799,178.57,44.54,6697152.0
Yashasvi Jaiswal,SRH,4.0,163,110.44,74.74,19848268.0
Rohit Sharma,GT,13.0,140,99.35,41.28,22936365.0
Ravindra Jadeja,RR,7.0,825,137.99,41.78,21897946.0
KL Rahul,DC,4.0,127,162.41,13.98,25858309.0
Sanju Samson,LSG,3.0,397,138.15,65.2,14501370.0
Faf du Plessis,SRH,9.0,879,120.44,23.52,6839968.0
David Warner,PBKS,11.0,462,151.4,72.47,25990301.0
Jasprit Bumrah,CSK,8.0,750,128.17,73.31,19937570.0
Jasprit Bumrah,DC,1.0,835,192.62,75.75,16565462.0
Jasprit Bumrah,SRH,7.0,807,191.49,44.02,23064009.0
Yashasvi Jaiswal,SRH,9.0,186,145.26,55.78,29632722.0
David Warner,LSG,8.0,719,126.07,63.39,23718258.0
Yashasvi Jaiswal,DC,8.0,731,171.08,14.83,19960091.0
Ravindra Jadeja,MI,13.0,189,94.04,50.07,7651222.0
Yashasvi Jaiswal,GT,6.0,387,142.22,7.57,14755715.0
Virat Kohli,MI,11.0,428,127.0,42.32,8818067.0
David Warner,DC,4.0,857,191.26,16.61,13649769.0
Ruturaj Gaikwad,MI,8.0,283,91.32,18.72,28134938.0
David Warner,RCB,3.0,863,150.81,32.38,12735491.0
Sanju Samson,PBKS,13.0,236,171.47,37.43,19079735.0
Virat Kohli,RCB,9.0,193,143.35,51.74,27152869.0
Jasprit Bumrah,KKR,13.0,286,99.39,10.58,8857469.0
Sanju Samson,MI,2.0,770,196.97,42.78,25628742.0
Sanju Samson,KKR,2.0,757,146.98,18.7,5335983.0
Ravindra Jadeja,CSK,12.0,135,157.56,48.05,20809276.0
Suryakumar Yadav,RR,13.0,791,116.03,52.81,15465990.0
MS Dhoni,CSK,12.0,782,143.18,46.75,24244209.0
Virat Kohli,DC,7.0,170,137.21,60.37,6115059.0
Sanju Samson,SRH,12.0,158,98.24,30.17,13788377.0
MS Dhoni,PBKS,10.0,200,101.68,62.38,24432181.0
MS Dhoni,MI,4.0,486,182.12,37.46,29328722.0
Virat Kohli,LSG,10.0,556,116.38,41.31,27116104.0
Suryakumar Yadav,RR,8.0,775,111.45,53.61,9920851.0
KL Rahul,GT,9.0,582,145.54,6.38,26240937.0
Faf du Plessis,GT,7.0,503,174.56,54.05,8472108.0
Ruturaj Gaikwad,GT,5.0,875,96.81,51.39,9925233.0
Faf du Plessis,MI,8.0,370,153.45,28.24,15175568.0
David Warner,GT,4.0,102,103.11,11.43,10768076.0
Jasprit Bumrah,RCB,2.0,124,94.01,11.82,10495179.0
Ruturaj Gaikwad,RR,11.0,312,95.8,74.24,8346953.0
David Warner,RCB,12.0,797,181.76,56.7,6156928.0
Sanju Samson,SRH,6.0,457,102.98,14.53,25018911.0
Jasprit Bumrah,RR,9.0,229,94.97,31.75,28419805.0
Rohit Sharma,RCB,1.0,657,138.17,49.44,21288007.0
Virat Kohli,RR,11.0,881,182.84,67.67,5212628.0
Ruturaj Gaikwad,SRH,10.0,196,118.86,8.27,17694801.0
Ruturaj Gaikwad,KKR,12.0,884,136.39,22.75,17844975.0
Rinku Singh,MI,7.0,732,94.39,71.73,17894379.0
Sanju Samson,MI,10.0,422,139.4,5.69,28420725.0
KL Rahul,GT,9.0,571,153.54,20.1,12763412.0
MS Dhoni,CSK,10.0,609,152.8,76.93,9327261.0
Jasprit Bumrah,GT,9.0,170,126.57,51.01,16461083.0
Sanju Samson,DC,10.0,381,124.71,24.63,9771873.0
Hardik Pandya,RCB,11.0,172,101.73,10.02,29422663.0
Suryakumar Yadav,RR,13.0,662,130.35,7.11,18042479.0
MS Dhoni,CSK,3.0,452,100.94,23.36,6085110.0
Virat Kohli,SRH,11.0,349,174.33,71.11,14530218.0
MS Dhoni,DC,13.0,633,196.29,36.19,12398129.0
KL Rahul,SRH,5.0,493,196.71,59.03,21437813.0
Ravindra Jadeja,MI,8.0,619,185.16,73.87,15772941.0
Rinku Singh,MI,8.0,3,156.09,35.6,26400743.0
MS Dhoni,GT,4.0,92,167.1,19.35,27492790.0
Virat Kohli,RCB,12.0,5,121.37,43.78,20231630.0
KL Rahul,CSK,11.0,287,159.38,73.11,27683728.0
Faf du Plessis,PBKS,11.0,617,140.12,,22751903.0
Ruturaj Gaikwad,DC,1.0,145,143.02,9.94,12701349.0
Ravindra Jadeja,DC,1.0,782,173.36,56.94,5824726.0
Rinku Singh,GT,4.0,423,121.01,47.89,10840445.0
Ruturaj Gaikwad,MI,6.0,889,124.98,73.06,17547682.0
Suryakumar Yadav,GT,8.0,607,191.71,14.19,7679590.0
David Warner,RR,6.0,456,96.18,45.05,9740148.0
Ravindra Jadeja,CSK,12.0,740,143.42,70.96,11210239.0
Ravindra Jadeja,RCB,9.0,201,190.41,35.75,14062875.0
Faf du Plessis,KKR,9.0,211,157.14,41.15,
Faf du Plessis,LSG,14.0,5,150.1,10.28,23814991.0
Jasprit Bumrah,LSG,2.0,623,117.47,25.86,19578150.0
Yashasvi Jaiswal,GT,10.0,375,127.76,29.34,23763589.0
MS Dhoni,RR,1.0,890,,75.88,19594753.0
Ravindra Jadeja,CSK,2.0,446,151.51,,16515381.0
Ruturaj Gaikwad,PBKS,5.0,834,146.62,39.57,26595276.0
Virat Kohli,LSG,4.0,105,100.95,55.35,7916971.0
Shubman Gill,CSK,,650,91.76,17.16,27612986.0
Yashasvi Jaiswal,RCB,9.0,810,196.01,,21222497.0
Shubman Gill,SRH,11.0,400,131.47,60.39,7613456.0
Rinku Singh,RR,8.0,95,156.35,70.01,12214554.0
KL Rahul,MI,6.0,387,98.77,51.97,9266660.0
Ruturaj Gaikwad,CSK,1.0,451,165.14,55.18,27861226.0
Ruturaj Gaikwad,RCB,2.0,848,,14.47,11551381.0
Yashasvi Jaiswal,PBKS,6.0,808,153.32,75.93,21616818.0
Ravindra Jadeja,KKR,11.0,900,103.87,14.94,17074815.0
Suryakumar Yadav,MI,2.0,415,153.99,63.1,5608919.0
Yashasvi Jaiswal,KKR,13.0,725,174.3,24.86,17615087.0
Shubman Gill,PBKS,,503,134.71,,28505046.0
Yashasvi Jaiswal,RCB,5.0,453,186.78,59.0,21585982.0
Ruturaj Gaikwad,LSG,14.0,290,161.36,61.54,21121184.0
Suryakumar Yadav,KKR,5.0,533,188.92,21.43,10924216.0
MS Dhoni,MI,6.0,192,158.59,38.23,15155660.0
Hardik Pandya,GT,6.0,149,104.44,51.34,13729430.0
Jasprit Bumrah,DC,14.0,879,124.07,62.75,20791461.0
Rohit Sharma,CSK,6.0,758,112.2,12.8,9704863.0
Faf du Plessis,LSG,14.0,778,189.97,77.18,29129452.0
Yashasvi Jaiswal,KKR,2.0,762,173.64,71.77,16458929.0
Rinku Singh,SRH,14.0,514,164.4,25.28,28862498.0
David Warner,CSK,10.0,392,123.11,66.71,26217984.0
KL Rahul,GT,14.0,315,110.24,43.87,20531310.0
Hardik Pandya,PBKS,13.0,75,173.21,39.64,10276473.0
Jasprit Bumrah,DC,14.0,598,142.16,28.58,28276932.0
Jasprit Bumrah,RCB,3.0,269,114.84,48.57,5115064.0
Jasprit Bumrah,GT,14.0,224,157.83,59.74,7589644.0
Jasprit Bumrah,GT,,529,94.44,35.82,15539125.0
Shubman Gill,PBKS,13.0,112,125.88,52.19,19396420.0
Rinku Singh,RR,8.0,250,141.54,57.45,28986619.0
Rinku Singh,PBKS,12.0,232,106.28,58.33,14929458.0
Suryakumar Yadav,RR,13.0,840,198.31,8.9,16955732.0
Faf du Plessis,RR,11.0,790,113.0,69.48,21694935.0
Ruturaj Gaikwad,LSG,12.0,713,104.34,39.37,19111359.0
Jasprit Bumrah,LSG,1.0,82,112.39,24.68,19887035.0
David Warner,MI,1.0,124,174.6,23.13,8058321.0
Ruturaj Gaikwad,KKR,11.0,174,136.81,41.23,7200852.0
Rinku Singh,KKR,13.0,68,152.2,71.51,20039285.0
Virat Kohli,RCB,2.0,46,,33.38,28224942.0
Virat Kohli,KKR,11.0,883,93.79,61.23,16326932.0
David Warner,LSG,12.0,255,139.04,12.26,26125080.0
Suryakumar Yadav,MI,12.0,726,179.83,40.7,29811123.0
Rinku Singh,MI,6.0,29,187.38,79.38,24881016.0
David Warner,RR,9.0,280,99.54,62.78,6338618.0
Shubman Gill,PBKS,4.0,236,149.22,20.79,12735167.0
Yashasvi Jaiswal,RCB,3.0,247,190.46,42.61,22364117.0
David Warner,RR,12.0,367,132.68,22.52,18728195.0
MS Dhoni,PBKS,8.0,494,181.25,35.72,17629915.0
Ruturaj Gaikwad,KKR,11.0,24,104.71,63.51,12912798.0
Hardik Pandya,RR,10.0,585,192.89,62.84,22184866.0
Sanju Samson,CSK,14.0,717,172.66,22.11,27449961.0
Suryakumar Yadav,KKR,9.0,489,193.55,74.17,8729046.0
David Warner,PBKS,12.0,493,164.43,49.44,16194181.0
Rinku Singh,RCB,11.0,313,129.97,33.49,14583105.0
KL Rahul,PBKS,5.0,605,193.2,42.65,8615383.0
Virat Kohli,RR,9.0,374,120.31,50.38,22547664.0
MS Dhoni,RR,2.0,638,126.54,46.99,17040556.0
Faf du Plessis,GT,3.0,24,167.09,41.48,18374789.0
Jasprit Bumrah,RCB,7.0,333,174.18,42.87,21747076.0
Sanju Samson,SRH,7.0,354,192.23,18.23,8819128.0
Ravindra Jadeja,KKR,6.0,115,112.53,65.95,29903926.0
Suryakumar Yadav,MI,6.0,47,177.78,45.63,10274033.0
Hardik Pandya,RCB,2.0,737,171.24,14.83,23617436.0
Sanju Samson,MI,10.0,777,97.02,62.46,9151910.0
David Warner,RCB,6.0,98,132.59,74.93,24454894.0
Shubman Gill,RCB,4.0,458,121.1,76.05,5412610.0
Virat Kohli,PBKS,12.0,522,123.49,32.68,16850351.0
Rinku Singh,RCB,3.0,596,198.12,15.16,28955776.0
Virat Kohli,GT,13.0,404,,43.88,5052055.0
Faf du Plessis,SRH,11.0,213,168.94,13.45,10347389.0
Shubman Gill,RR,13.0,684,197.43,75.05,20864107.0
Jasprit Bumrah,DC,2.0,502,131.49,18.77,11943122.0
Rinku Singh,MI,1.0,720,178.2,23.96,19039994.0
Ruturaj Gaikwad,RR,11.0,447,137.8,35.5,6136263.0
Rohit Sharma,DC,11.0,893,185.65,33.74,21055862.0
MS Dhoni,SRH,5.0,575,109.87,64.6,16931243.0
Virat Kohli,SRH,2.0,257,194.25,39.22,7497838.0
KL Rahul,MI,2.0,843,114.06,17.81,10129584.0
Virat Kohli,MI,7.0,120,125.88,25.04,27539942.0
Sanju Samson,SRH,8.0,809,173.18,43.18,24077036.0
Virat Kohli,DC,13.0,53,133.31,16.06,14989056.0
Suryakumar Yadav,RCB,10.0,330,156.9,50.87,15206373.0
Virat Kohli,KKR,8.0,783,138.9,47.43,8543244.0
Rohit Sharma,CSK,14.0,240,171.66,58.6,6838346.0
Rohit Sharma,RR,4.0,754,115.12,75.33,12402633.0
Jasprit Bumrah,PBKS,14.0,529,96.43,73.42,12566169.0
Hardik Pandya,RR,1.0,482,122.99,75.96,11911542.0
Ruturaj Gaikwad,PBKS,11.0,186,142.17,23.35,27675347.0
KL Rahul,DC,7.0,857,108.48,14.87,15431504.0
Virat Kohli,PBKS,1.0,655,129.03,27.67,21623683.0
Virat Kohli,MI,11.0,261,134.0,72.13,
MS Dhoni,KKR,4.0,363,96.31,77.9,14053883.0
Rinku Singh,KKR,8.0,490,154.16,69.45,27293398.0
Rohit Sharma,MI,2.0,430,187.28,13.25,17593459.0
KL Rahul,GT,6.0,238,106.69,76.06,14788041.0
Jasprit Bumrah,DC,13.0,303,155.76,36.75,18612205.0
Faf du Plessis,GT,6.0,297,163.12,5.7,8410331.0
Hardik Pandya,GT,12.0,75,136.13,38.18,27966368.0
Ruturaj Gaikwad,RR,9.0,699,167.12,8.46,25288665.0
Shubman Gill,SRH,5.0,332,135.18,45.79,16117809.0
Ruturaj Gaikwad,RR,10.0,899,145.51,30.39,23191663.0
Suryakumar Yadav,SRH,4.0,757,90.81,40.51,25235548.0
Sanju Samson,CSK,5.0,641,166.09,50.99,7180122.0
Suryakumar Yadav,PBKS,12.0,473,162.75,70.16,5716177.0
Virat Kohli,SRH,12.0,826,94.22,54.64,10412199.0
Ravindra Jadeja,MI,10.0,282,130.51,37.55,16503817.0
Hardik Pandya,RR,11.0,590,197.69,66.46,18142777.0
Sanju Samson,DC,5.0,71,136.28,72.92,14440105.0
KL Rahul,PBKS,8.0,262,145.21,13.98,8019332.0
Shubman Gill,CSK,10.0,702,190.09,44.89,5479177.0
Rohit Sharma,SRH,12.0,878,168.9,26.34,20698289.0
Hardik Pandya,CSK,8.0,886,154.03,8.53,5521317.0
Hardik Pandya,DC,2.0,574,177.76,55.14,25603778.0
Suryakumar Yadav,GT,7.0,891,185.08,69.71,29944615.0
Ravindra Jadeja,KKR,8.0,11,140.26,17.22,20329886.0
Virat Kohli,DC,11.0,140,142.26,65.93,6508797.0
David Warner,LSG,6.0,765,132.47,69.0,8926888.0
Jasprit Bumrah,DC,5.0,554,196.34,73.58,7024676.0
Suryakumar Yadav,CSK,11.0,16,,24.9,17655740.0
Hardik Pandya,MI,9.0,62,99.15,72.8,26979969.0
Yashasvi Jaiswal,RR,13.0,252,184.93,29.05,18982694.0
MS Dhoni,MI,3.0,464,142.86,46.43,23929520.0
Shubman Gill,CSK,12.0,375,97.56,8.79,29337321.0
Jasprit Bumrah,RR,13.0,803,150.47,8.29,26330155.0
Suryakumar Yadav,LSG,,519,135.89,59.03,11514849.0
Shubman Gill,KKR,10.0,836,186.55,38.34,13475177.0
MS Dhoni,PBKS,4.0,89,112.44,24.22,29976147.0
Faf du Plessis,CSK,9.0,719,180.91,19.28,21698720.0
MS Dhoni,SRH,6.0,803,,55.25,5984131.0
Ravindra Jadeja,CSK,8.0,795,,5.03,26652652.0
MS Dhoni,CSK,7.0,629,196.9,65.44,29526827.0
Shubman Gill,RR,11.0,860,146.39,10.94,9878154.0
Ruturaj Gaikwad,RCB,2.0,174,122.0,19.36,17705449.0
Shubman Gill,DC,3.0,75,141.63,33.97,19549252.0
David Warner,RCB,1.0,612,184.36,41.36,29717528.0
Virat Kohli,LSG,9.0,662,123.54,31.62,18915952.0
Sanju Samson,SRH,13.0,399,111.19,29.05,29458363.0
Ruturaj Gaikwad,KKR,7.0,781,104.2,77.29,19414628.0
Rohit Sharma,GT,1.0,70,122.76,53.12,14610401.0
Sanju Samson,LSG,3.0,179,175.81,6.76,16729096.0
Virat Kohli,GT,4.0,123,141.88,37.26,26981585.0
Suryakumar Yadav,GT,4.0,380,115.02,70.63,20560141.0
Jasprit Bumrah,KKR,5.0,292,108.28,27.61,20225106.0
David Warner,MI,14.0,796,126.6,12.09,28138509.0
David Warner,RCB,3.0,194,193.39,61.88,10905447.0
Rohit Sharma,CSK,3.0,227,127.73,50.45,5945424.0
Ruturaj Gaikwad,PBKS,1.0,430,198.69,47.77,23735970.0
Ravindra Jadeja,GT,7.0,435,143.38,9.02,5639068.0
Rinku Singh,SRH,11.0,786,109.71,15.54,20291433.0
Faf du Plessis,LSG,10.0,460,188.03,51.69,15247632.0
MS Dhoni,MI,14.0,617,140.64,20.59,20694202.0
Ruturaj Gaikwad,GT,1.0,20,168.06,42.81,6371242.0
Jasprit Bumrah,MI,2.0,63,198.21,45.87,25440391.0
Faf du Plessis,MI,13.0,164,95.52,26.26,27927424.0
David Warner,GT,4.0,26,,76.13,23797364.0
Shubman Gill,RR,13.0,310,169.25,68.18,6160675.0
Jasprit Bumrah,DC,4.0,284,121.0,59.18,27695558.0
Virat Kohli,SRH,5.0,659,110.27,10.85,9036589.0
Rohit Sharma,CSK,11.0,280,94.33,12.96,21516996.0
Virat Kohli,CSK,2.0,837,92.4,41.96,7726427.0
Rinku Singh,SRH,,830,175.19,17.05,26550141.0
Jasprit Bumrah,RR,1.0,163,104.79,78.37,29857066.0
KL Rahul,CSK,2.0,897,141.45,16.89,24916048.0
KL Rahul,MI,1.0,223,156.65,41.56,7050276.0
Suryakumar Yadav,KKR,10.0,783,137.12,32.31,24587074.0
Ruturaj Gaikwad,LSG,,145,92.98,52.95,27750937.0
David Warner,RCB,13.0,867,176.19,14.68,23793358.0
David Warner,CSK,4.0,29,91.16,37.27,9587826.0
MS Dhoni,SRH,4.0,44,173.81,25.6,26322159.0
MS Dhoni,KKR,7.0,786,188.26,71.58,7691207.0
MS Dhoni,GT,10.0,470,137.61,8.04,8250060.0
Shubman Gill,DC,11.0,33,148.91,73.53,29784815.0
Sanju Samson,SRH,11.0,652,142.47,67.47,8971586.0
Hardik Pandya,MI,9.0,426,132.81,27.32,22151560.0
Sanju Samson,DC,9.0,829,187.62,64.2,12021982.0
Virat Kohli,LSG,5.0,885,188.33,7.34,18910888.0
Sanju Samson,LSG,10.0,220,126.94,77.51,24629173.0
Shubman Gill,RR,1.0,867,157.66,44.49,11472345.0
Suryakumar Yadav,PBKS,1.0,533,191.96,27.75,23325712.0
Virat Kohli,RR,6.0,691,195.83,32.19,5295863.0
Sanju Samson,KKR,2.0,366,145.99,9.98,14205053.0
Shubman Gill,DC,,840,139.81,79.2,13196722.0
Hardik Pandya,PBKS,13.0,742,120.66,7.95,6389068.0
Sanju Samson,GT,9.0,549,195.48,54.12,5226884.0
Shubman Gill,MI,13.0,581,105.71,38.21,8417932.0
Rinku Singh,DC,4.0,115,153.78,76.17,12339096.0
MS Dhoni,RR,5.0,238,121.08,23.45,20604223.0
Rinku Singh,RCB,11.0,334,120.69,44.91,28812142.0
David Warner,PBKS,8.0,440,134.55,41.18,9506371.0
MS Dhoni,PBKS,3.0,147,199.87,57.71,5078563.0
David Warner,MI,5.0,8,96.05,10.1,22915571.0
Yashasvi Jaiswal,CSK,3.0,287,153.64,19.53,26908763.0
Rohit Sharma,LSG,12.0,387,99.08,21.09,23974072.0
Rinku Singh,LSG,10.0,49,107.0,60.36,10504637.0
Rohit Sharma,RCB,3.0,849,138.35,19.19,17449925.0
Rohit Sharma,KKR,3.0,516,146.15,48.01,6372407.0
Hardik Pandya,KKR,13.0,854,118.47,21.14,23910859.0
MS Dhoni,GT,12.0,637,124.81,69.62,24778735.0
Yashasvi Jaiswal,DC,7.0,586,99.57,75.66,28990957.0
David Warner,SRH,,676,123.35,43.89,6069024.0
Shubman Gill,CSK,7.0,277,196.32,31.42,6362270.0
Virat Kohli,RR,10.0,835,193.92,22.55,12913614.0
Shubman Gill,SRH,8.0,299,126.84,8.73,28352262.0
Virat Kohli,SRH,5.0,801,152.79,25.14,9533027.0
Rinku Singh,PBKS,5.0,588,190.06,54.07,28809421.0
KL Rahul,RCB,14.0,809,90.68,45.02,5901111.0
Shubman Gill,LSG,4.0,648,179.18,75.8,23891469.0
Sanju Samson,GT,7.0,617,194.32,34.72,18566594.0
Sanju Samson,KKR,10.0,606,100.05,57.04,29791540.0
Ruturaj Gaikwad,RCB,4.0,134,107.76,41.7,29555117.0
MS Dhoni,PBKS,2.0,579,195.68,43.44,9809073.0
Virat Kohli,RR,4.0,146,149.13,,28645762.0
Virat Kohli,GT,,489,91.56,39.12,26181525.0
Jasprit Bumrah,PBKS,13.0,477,118.34,40.31,17215058.0
Suryakumar Yadav,LSG,8.0,158,139.49,58.0,6620706.0
MS Dhoni,LSG,9.0,383,166.22,75.55,26018059.0
Hardik Pandya,LSG,3.0,162,170.65,29.7,16457860.0
Ruturaj Gaikwad,RCB,7.0,440,199.5,8.17,5770569.0
Hardik Pandya,RCB,14.0,852,121.63,42.22,24290600.0
Rinku Singh,KKR,12.0,188,,45.83,12813516.0
Rinku Singh,KKR,14.0,414,148.67,17.63,21182143.0
Hardik Pandya,RR,9.0,338,134.62,62.03,21892258.0
Hardik Pandya,GT,11.0,606,108.61,78.87,5092447.0
Yashasvi Jaiswal,MI,4.0,180,197.52,75.93,16879882.0
MS Dhoni,MI,10.0,287,183.86,19.78,10547631.0
Hardik Pandya,PBKS,3.0,833,144.82,70.65,29275941.0
Sanju Samson,LSG,5.0,186,156.36,57.84,29130071.0
Suryakumar Yadav,GT,1.0,883,115.0,39.04,24520338.0
Suryakumar Yadav,SRH,3.0,137,149.82,45.55,25511557.0
Rohit Sharma,RCB,8.0,129,166.45,68.72,17044455.0
KL Rahul,DC,11.0,193,146.67,41.01,8535797.0
Rinku Singh,CSK,8.0,315,198.93,32.99,
Virat Kohli,RR,13.0,784,157.25,41.99,12397803.0
Jasprit Bumrah,LSG,4.0,863,130.81,48.43,11277609.0
Ravindra Jadeja,LSG,2.0,143,174.94,19.18,19301538.0
Virat Kohli,LSG,13.0,15,108.75,72.57,13165571.0
KL Rahul,RCB,,301,132.3,55.56,8727904.0
Jasprit Bumrah,RCB,8.0,422,128.17,52.5,14972428.0
Yashasvi Jaiswal,CSK,10.0,244,137.5,12.46,8232567.0
MS Dhoni,SRH,4.0,106,176.0,50.31,
Shubman Gill,GT,3.0,87,143.26,14.07,9361909.0
MS Dhoni,LSG,2.0,128,177.34,10.9,28585426.0
Virat Kohli,MI,9.0,886,153.41,44.55,11216618.0
Virat Kohli,KKR,1.0,340,127.63,35.21,22926923.0
Jasprit Bumrah,MI,7.0,3,179.1,49.16,27349834.0
Jasprit Bumrah,PBKS,5.0,326,116.21,11.69,18118719.0
Rinku Singh,MI,8.0,409,114.68,37.32,9880779.0
Yashasvi Jaiswal,PBKS,4.0,878,145.5,,15487592.0
Rinku Singh,DC,7.0,305,118.69,79.03,18541784.0
KL Rahul,KKR,13.0,606,91.0,47.09,25561154.0
Hardik Pandya,MI,5.0,720,161.31,56.56,28174146.0
MS Dhoni,DC,14.0,224,146.22,29.41,25520598.0
Jasprit Bumrah,RR,5.0,347,139.01,12.11,9172975.0
David Warner,GT,14.0,320,196.37,78.19,9231874.0
KL Rahul,DC,9.0,558,152.83,26.47,5481193.0
Sanju Samson,GT,9.0,180,184.98,36.79,7759127.0
Yashasvi Jaiswal,MI,13.0,617,105.34,53.74,29155559.0
Virat Kohli,SRH,9.0,710,152.61,6.85,18983877.0
Rinku Singh,DC,12.0,385,185.48,65.77,5627475.0
KL Rahul,KKR,6.0,617,154.14,45.24,16621215.0
Ravindra Jadeja,MI,6.0,791,168.98,25.87,22317243.0
MS Dhoni,LSG,5.0,771,130.92,9.62,11357658.0
Jasprit Bumrah,RCB,9.0,107,100.17,17.19,15584340.0
Virat Kohli,DC,10.0,530,140.37,72.13,6797355.0
Shubman Gill,KKR,8.0,409,133.39,56.45,5755724.0
Ravindra Jadeja,RR,7.0,295,185.38,23.74,26936469.0
Yashasvi Jaiswal,LSG,7.0,817,116.84,9.92,19272546.0
KL Rahul,RR,6.0,170,196.34,56.8,29418862.0
Ruturaj Gaikwad,MI,5.0,330,195.4,47.93,8482837.0
Virat Kohli,RCB,13.0,492,117.24,35.34,6436052.0
MS Dhoni,DC,4.0,194,128.29,32.27,16189741.0
Rohit Sharma,DC,3.0,11,188.51,21.26,8537553.0
David Warner,SRH,3.0,194,196.33,55.22,16436190.0
Faf du Plessis,SRH,6.0,489,138.78,77.8,25708283.0
Ravindra Jadeja,MI,4.0,794,125.31,18.18,10881468.0
Hardik Pandya,MI,12.0,880,147.87,49.78,26271661.0
Faf du Plessis,RCB,12.0,181,165.65,36.81,17773924.0
MS Dhoni,SRH,6.0,816,120.08,38.5,22473300.0
Sanju Samson,KKR,3.0,655,171.01,24.06,18467149.0
Rinku Singh,KKR,4.0,897,95.68,66.89,17745688.0
Sanju Samson,RCB,9.0,315,95.42,41.39,24258714.0
Rohit Sharma,KKR,5.0,693,132.49,45.76,19053095.0
Ravindra Jadeja,PBKS,13.0,29,128.88,27.86,19612283.0
Hardik Pandya,GT,7.0,595,124.72,18.64,8104379.0
Ruturaj Gaikwad,RCB,10.0,677,144.01,11.44,12233646.0
Rohit Sharma,RCB,2.0,795,125.28,58.56,28035804.0
Ravindra Jadeja,CSK,14.0,792,111.15,19.72,27288814.0
Suryakumar Yadav,LSG,14.0,95,124.04,,15756637.0
Faf du Plessis,LSG,5.0,380,197.24,34.28,5036051.0
Rohit Sharma,PBKS,9.0,777,135.22,36.18,28084581.0
Faf du Plessis,SRH,11.0,443,138.92,40.19,26454418.0
Virat Kohli,MI,3.0,297,153.42,32.58,27097434.0
Sanju Samson,MI,14.0,807,198.17,12.55,11102744.0
Virat Kohli,RR,9.0,736,116.58,28.22,25443495.0
David Warner,PBKS,14.0,844,164.94,54.78,25213221.0
Suryakumar Yadav,RCB,11.0,360,168.76,54.93,25629875.0
Hardik Pandya,PBKS,6.0,373,156.81,26.47,7700502.0
Ruturaj Gaikwad,PBKS,4.0,553,99.74,39.51,26345210.0
Yashasvi Jaiswal,PBKS,7.0,302,164.46,19.51,16467529.0
Faf du Plessis,LSG,8.0,420,97.05,20.78,7022862.0
Ruturaj Gaikwad,PBKS,6.0,245,155.58,6.73,29433791.0
Faf du Plessis,GT,5.0,719,171.35,72.26,26783250.0
MS Dhoni,MI,6.0,236,113.21,20.8,22454767.0
Rohit Sharma,RR,5.0,533,182.58,22.07,22989956.0
David Warner,GT,8.0,184,93.34,25.97,28158079.0
Sanju Samson,RR,1.0,467,182.82,14.56,29323577.0
Yashasvi Jaiswal,CSK,11.0,753,140.64,52.94,5497165.0
Jasprit Bumrah,RR,7.0,362,113.93,10.64,8732529.0
Faf du Plessis,MI,10.0,282,104.72,15.07,26809049.0
Ruturaj Gaikwad,MI,10.0,552,194.86,53.36,29016455.0
David Warner,PBKS,11.0,335,97.99,30.47,7560390.0
Shubman Gill,DC,2.0,161,111.9,58.1,8093348.0
Yashasvi Jaiswal,CSK,14.0,159,128.26,46.81,5978536.0
Shubman Gill,RCB,9.0,473,158.23,24.2,10244899.0
Virat Kohli,KKR,1.0,600,149.93,53.81,22382959.0
Sanju Samson,RR,11.0,321,103.82,13.72,14129207.0
Rinku Singh,DC,10.0,11,121.87,45.23,24024144.0
Rinku Singh,PBKS,6.0,423,116.26,37.79,6197678.0
Jasprit Bumrah,LSG,9.0,72,113.49,25.09,24263395.0
MS Dhoni,RCB,1.0,587,135.23,50.3,12147333.0
Ruturaj Gaikwad,SRH,4.0,857,167.44,70.35,16345743.0
Ravindra Jadeja,DC,4.0,200,113.92,79.92,21780636.0
Jasprit Bumrah,LSG,9.0,521,130.33,50.58,28914979.0
Rohit Sharma,CSK,,863,133.0,35.35,28247397.0
Rohit Sharma,PBKS,5.0,504,197.41,21.89,26512548.0
Ruturaj Gaikwad,RCB,5.0,737,195.01,24.28,16861743.0
Ravindra Jadeja,RCB,6.0,687,178.02,40.96,19261565.0
Hardik Pandya,RCB,1.0,787,116.58,32.55,14401976.0
MS Dhoni,CSK,1.0,38,97.48,73.54,
David Warner,RR,9.0,59,124.86,32.62,16029513.0
Faf du Plessis,SRH,3.0,577,119.35,33.01,26416168.0
Ravindra Jadeja,CSK,4.0,320,145.65,33.77,29645667.0
Rinku Singh,KKR,1.0,434,175.55,67.75,18117852.0
Yashasvi Jaiswal,SRH,9.0,635,184.42,53.81,11749645.0
Hardik Pandya,MI,8.0,675,182.94,51.06,29362537.0
Faf du Plessis,PBKS,2.0,407,129.56,30.06,11380798.0
Faf du Plessis,CSK,8.0,385,165.6,66.34,16815651.0
Hardik Pandya,LSG,7.0,670,124.41,7.88,23085612.0
Virat Kohli,SRH,,568,96.7,70.31,6235340.0
Shubman Gill,KKR,6.0,77,167.17,43.46,13447149.0
Faf du Plessis,MI,1.0,193,91.08,34.87,19348192.0
Hardik Pandya,RR,7.0,284,135.01,,16054356.0
Ravindra Jadeja,LSG,10.0,526,126.23,55.06,19570318.0
Hardik Pandya,SRH,7.0,523,,5.96,24010037.0
Suryakumar Yadav,PBKS,13.0,612,174.29,70.37,21355768.0
Jasprit Bumrah,LSG,14.0,155,123.45,38.51,26133380.0
KL Rahul,MI,9.0,339,179.28,30.72,8079676.0
Virat Kohli,LSG,1.0,124,,15.37,14486661.0
Sanju Samson,GT,2.0,870,139.1,37.96,24506917.0
KL Rahul,DC,11.0,279,169.97,,14015362.0
Jasprit Bumrah,RR,9.0,621,166.22,,15949579.0
Jasprit Bumrah,MI,13.0,845,198.61,55.9,25378083.0
Jasprit Bumrah,LSG,9.0,868,114.77,36.57,17653472.0
KL Rahul,DC,13.0,657,162.85,77.11,14168288.0
Ruturaj Gaikwad,DC,6.0,727,157.07,49.95,17319902.0
Shubman Gill,LSG,6.0,673,190.66,65.56,8596436.0
Hardik Pandya,PBKS,4.0,127,107.2,13.2,16959322.0
Yashasvi Jaiswal,GT,4.0,313,172.7,34.8,25261850.0
Shubman Gill,CSK,5.0,331,152.51,30.26,27186567.0
Rinku Singh,GT,3.0,149,120.21,47.71,11805751.0
Ravindra Jadeja,LSG,1.0,453,142.19,69.58,15367257.0
MS Dhoni,RR,1.0,35,126.72,10.88,10769537.0
Ruturaj Gaikwad,CSK,12.0,684,153.72,10.44,27392203.0
Sanju Samson,MI,13.0,419,187.79,68.77,29345877.0
Shubman Gill,GT,7.0,21,152.62,20.96,7884112.0
Yashasvi Jaiswal,LSG,1.0,205,159.49,55.16,18210179.0
Rohit Sharma,GT,1.0,638,147.06,45.72,21534820.0
Jasprit Bumrah,CSK,3.0,847,95.63,67.47,12878239.0
Faf du Plessis,KKR,10.0,355,115.61,14.38,27329738.0
Rinku Singh,SRH,4.0,439,144.12,14.73,6366528.0
MS Dhoni,GT,4.0,728,124.13,46.76,7833304.0
Virat Kohli,MI,2.0,95,109.99,75.98,29711977.0
Sanju Samson,MI,1.0,163,145.45,36.12,7473139.0
Ravindra Jadeja,RCB,3.0,147,125.51,29.52,7603927.0
MS Dhoni,GT,11.0,529,118.39,50.5,8567850.0
Jasprit Bumrah,SRH,4.0,293,141.04,74.78,6418167.0
Faf du Plessis,PBKS,3.0,194,104.66,67.77,24339070.0
Ruturaj Gaikwad,DC,8.0,662,192.05,79.66,16601232.0
Faf du Plessis,SRH,14.0,479,185.45,6.69,14540615.0
KL Rahul,DC,10.0,876,167.84,13.46,5415162.0
Faf du Plessis,DC,1.0,122,101.68,50.71,23397100.0
KL Rahul,KKR,14.0,399,175.35,66.54,12999317.0
Rinku Singh,RCB,2.0,698,178.88,26.39,25661252.0
Ruturaj Gaikwad,SRH,13.0,451,174.45,22.94,11117250.0
Ravindra Jadeja,SRH,7.0,660,102.54,64.02,16371738.0
David Warner,KKR,4.0,103,160.83,9.23,22261685.0
Jasprit Bumrah,GT,8.0,754,181.78,32.7,25619856.0
KL Rahul,GT,11.0,461,153.51,42.94,8464143.0
Virat Kohli,GT,13.0,742,161.1,47.03,26767749.0
Faf du Plessis,RR,3.0,717,140.42,59.65,26043462.0
Faf du Plessis,DC,6.0,709,148.16,31.61,12616141.0
Virat Kohli,RR,9.0,395,93.78,50.95,26417959.0
Ravindra Jadeja,RCB,1.0,336,160.29,48.9,25312270.0
Rohit Sharma,KKR,1.0,598,98.96,46.07,6568366.0
Rinku Singh,SRH,8.0,141,137.85,53.04,14070894.0
Hardik Pandya,DC,3.0,316,122.19,24.46,5684143.0
David Warner,RR,5.0,710,150.0,11.35,5607648.0
Sanju Samson,RR,1.0,557,104.68,13.95,20896106.0
Yashasvi Jaiswal,LSG,5.0,799,166.08,21.84,28788828.0
KL Rahul,RR,11.0,526,177.45,42.51,26261951.0
Virat Kohli,PBKS,6.0,555,107.97,68.03,20810744.0
Yashasvi Jaiswal,SRH,8.0,400,101.47,57.6,13025828.0
Ruturaj Gaikwad,PBKS,13.0,680,106.01,64.18,6397636.0
Ravindra Jadeja,SRH,14.0,309,186.48,31.32,19377180.0
KL Rahul,KKR,3.0,494,148.1,35.35,14917883.0
Hardik Pandya,SRH,3.0,555,141.4,34.53,23441285.0
Yashasvi Jaiswal,PBKS,12.0,609,101.74,19.39,5137837.0
Ruturaj Gaikwad,SRH,11.0,772,161.45,9.59,5444842.0
MS Dhoni,KKR,11.0,108,185.48,49.32,14132675.0
Jasprit Bumrah,KKR,10.0,794,181.1,79.19,15495964.0
Faf du Plessis,RCB,9.0,371,158.87,17.51,10990842.0
MS Dhoni,SRH,4.0,854,98.28,8.5,19460040.0
KL Rahul,LSG,4.0,615,102.36,63.46,21880119.0
Hardik Pandya,GT,12.0,767,95.42,23.94,5415874.0
David Warner,MI,7.0,890,118.32,67.22,20503577.0
Yashasvi Jaiswal,KKR,2.0,205,104.92,57.8,9975279.0
Rinku Singh,CSK,8.0,846,118.61,75.93,16351514.0
Jasprit Bumrah,GT,6.0,42,132.36,35.67,15318435.0
KL Rahul,DC,3.0,864,193.73,54.65,25839391.0
Ravindra Jadeja,SRH,9.0,244,157.14,39.86,24448960.0
Virat Kohli,PBKS,5.0,286,181.85,52.29,23677816.0
Rinku Singh,MI,8.0,354,168.14,38.72,16855028.0
Rinku Singh,CSK,7.0,784,102.38,19.15,29097013.0
Rinku Singh,GT,14.0,475,170.95,43.09,25283535.0
Shubman Gill,SRH,8.0,82,120.26,44.64,6612850.0
KL Rahul,RCB,7.0,109,160.3,65.8,17919151.0
Jasprit Bumrah,DC,3.0,189,127.51,60.16,22127641.0
Faf du Plessis,MI,2.0,799,199.74,54.78,12930471.0
Faf du Plessis,LSG,7.0,250,118.99,13.5,11102910.0
KL Rahul,RCB,3.0,723,120.7,,13154678.0
Ruturaj Gaikwad,CSK,3.0,290,192.37,42.52,5502939.0
Shubman Gill,MI,2.0,644,92.71,72.06,14610804.0
Virat Kohli,RCB,4.0,200,166.64,73.99,28206728.0
Rinku Singh,DC,8.0,796,169.79,9.14,16954951.0
Rinku Singh,LSG,12.0,325,182.0,66.55,7783993.0
KL Rahul,RCB,1.0,510,197.19,7.83,9812585.0
Ruturaj Gaikwad,RR,1.0,408,197.32,32.54,24145626.0
Faf du Plessis,LSG,12.0,606,,45.67,22603494.0
Faf du Plessis,CSK,14.0,789,180.4,16.11,14127634.0
Hardik Pandya,DC,5.0,836,161.09,60.97,27276901.0
KL Rahul,SRH,11.0,507,161.21,5.63,18575703.0
Shubman Gill,PBKS,5.0,730,104.12,17.64,20473403.0
Rohit Sharma,PBKS,11.0,600,161.52,48.56,27179282.0
Shubman Gill,PBKS,12.0,71,198.07,58.58,29928689.0
Ravindra Jadeja,MI,1.0,246,190.3,73.75,5346990.0
Faf du Plessis,CSK,6.0,640,,57.91,23662465.0
Faf du Plessis,DC,1.0,723,94.39,55.38,8836813.0
MS Dhoni,LSG,5.0,854,129.85,34.58,18388340.0
Faf du Plessis,MI,9.0,607,180.9,5.1,14836447.0
Virat Kohli,CSK,12.0,586,167.16,14.01,18922399.0
Sanju Samson,SRH,14.0,565,140.53,45.09,29395739.0
KL Rahul,RR,5.0,343,96.06,55.63,23354343.0
Yashasvi Jaiswal,DC,6.0,53,136.96,36.31,20050793.0
Shubman Gill,PBKS,8.0,729,141.59,59.8,18698926.0
Sanju Samson,RCB,11.0,527,192.14,44.14,12436391.0
Ruturaj Gaikwad,DC,1.0,610,160.52,10.56,24528907.0
Rohit Sharma,KKR,14.0,531,124.28,19.4,27514183.0
Virat Kohli,CSK,2.0,557,147.79,68.0,8614670.0
Jasprit Bumrah,GT,9.0,192,97.27,59.37,24331353.0
Suryakumar Yadav,SRH,3.0,894,196.98,72.11,11987659.0
Shubman Gill,RR,,57,129.61,13.82,5027690.0
Sanju Samson,SRH,5.0,436,142.57,,28595954.0
Jasprit Bumrah,DC,11.0,110,129.08,20.71,18735021.0
Rohit Sharma,GT,2.0,128,165.08,5.88,8213274.0
MS Dhoni,KKR,14.0,848,162.85,79.81,10643473.0
Jasprit Bumrah,LSG,7.0,705,168.69,26.08,13729324.0
Virat Kohli,RCB,4.0,851,119.5,55.1,9745059.0
Virat Kohli,GT,1.0,325,124.72,18.25,22432624.0
Yashasvi Jaiswal,CSK,13.0,7,103.78,48.52,21237722.0
MS Dhoni,PBKS,4.0,28,162.11,72.8,13902280.0
Suryakumar Yadav,KKR,6.0,111,94.38,29.01,22776294.0
KL Rahul,RCB,7.0,672,155.75,55.27,9030272.0
Jasprit Bumrah,RR,7.0,130,185.67,19.09,27617798.0
MS Dhoni,PBKS,14.0,187,187.99,51.86,20559641.0
Virat Kohli,DC,7.0,674,139.39,30.23,5704582.0
Virat Kohli,GT,3.0,708,140.52,20.84,11863859.0
Sanju Samson,RCB,6.0,474,98.47,28.49,22653254.0
Faf du Plessis,MI,13.0,363,163.78,18.41,6103183.0
Suryakumar Yadav,LSG,8.0,203,180.34,72.64,6499202.0
Jasprit Bumrah,LSG,4.0,211,116.91,34.79,8167724.0
Yashasvi Jaiswal,KKR,13.0,620,136.34,23.4,10166729.0
Yashasvi Jaiswal,RR,8.0,275,182.27,38.63,18715185.0
Jasprit Bumrah,KKR,2.0,72,186.48,29.04,14745350.0
Ravindra Jadeja,MI,10.0,678,116.75,60.83,5826580.0
Rinku Singh,CSK,9.0,771,150.56,77.84,21320692.0
Rohit Sharma,RR,9.0,242,111.17,37.85,13218365.0
Yashasvi Jaiswal,SRH,8.0,786,101.21,69.58,9056926.0
MS Dhoni,CSK,10.0,101,190.22,47.44,9433494.0
Rohit Sharma,RR,14.0,684,180.26,16.79,7106040.0
MS Dhoni,RR,13.0,170,173.6,56.8,6792602.0
Ruturaj Gaikwad,MI,10.0,652,95.36,43.51,9102391.0
Virat Kohli,DC,1.0,187,182.81,53.8,18018325.0
Faf du Plessis,MI,2.0,440,138.18,71.73,26973350.0
Sanju Samson,RR,6.0,85,127.66,38.03,6270008.0
Yashasvi Jaiswal,RCB,10.0,475,150.11,72.59,11184858.0
Faf du Plessis,CSK,5.0,51,100.05,61.3,
Faf du Plessis,MI,12.0,110,173.23,41.65,22337859.0
Faf du Plessis,DC,14.0,876,154.07,50.24,22007703.0
Rinku Singh,GT,9.0,853,110.52,29.42,18236886.0
Rohit Sharma,KKR,5.0,42,110.71,78.77,26955282.0
MS Dhoni,RR,2.0,210,110.27,55.05,7871042.0
David Warner,SRH,10.0,199,96.27,8.29,26220954.0
Ruturaj Gaikwad,GT,4.0,809,154.66,29.5,28958274.0
Shubman Gill,LSG,9.0,857,182.44,51.75,27357915.0
Faf du Plessis,PBKS,1.0,751,91.92,9.22,18812414.0
KL Rahul,DC,11.0,626,95.39,6.79,22369168.0
Rohit Sharma,SRH,1.0,25,153.0,38.75,18193353.0
Yashasvi Jaiswal,PBKS,12.0,298,180.14,29.95,25540848.0
Suryakumar Yadav,DC,7.0,76,125.94,37.87,8967445.0
Yashasvi Jaiswal,RCB,11.0,136,128.46,24.7,14693533.0
Sanju Samson,KKR,3.0,19,155.6,17.35,29527997.0
Shubman Gill,GT,10.0,439,120.16,56.69,5950128.0
David Warner,CSK,2.0,210,92.93,43.59,20251348.0
KL Rahul,DC,9.0,751,170.88,20.01,20101236.0
Yashasvi Jaiswal,CSK,3.0,550,158.82,28.97,17371798.0
David Warner,KKR,2.0,434,153.88,49.39,7548965.0
Shubman Gill,RR,12.0,779,171.59,10.42,8974603.0
Faf du Plessis,LSG,8.0,206,164.28,16.06,9846936.0
KL Rahul,GT,10.0,438,112.65,10.49,29769555.0
David Warner,KKR,6.0,778,128.77,65.92,21912240.0
Sanju Samson,KKR,6.0,665,103.87,61.43,24848752.0
MS Dhoni,RCB,10.0,41,104.28,61.5,9377577.0
Virat Kohli,PBKS,11.0,410,164.38,58.72,7741894.0
MS Dhoni,LSG,7.0,522,184.45,55.2,7401756.0
Shubman Gill,GT,7.0,805,195.9,40.77,8299596.0
Rohit Sharma,RR,11.0,609,159.12,53.17,24037186.0
Virat Kohli,RR,13.0,426,110.25,7.88,
Ruturaj Gaikwad,MI,6.0,274,101.62,51.61,8981917.0
Sanju Samson,KKR,4.0,447,179.41,63.34,22982821.0
Ruturaj Gaikwad,DC,,883,153.66,42.53,12885612.0
Rinku Singh,RCB,9.0,741,158.01,31.81,6433414.0
KL Rahul,LSG,6.0,368,175.96,25.81,15648708.0
Jasprit Bumrah,RR,4.0,219,167.36,53.21,
Virat Kohli,GT,12.0,576,181.79,56.96,14484230.0
Ruturaj Gaikwad,MI,3.0,866,96.18,70.32,25931454.0
Yashasvi Jaiswal,GT,4.0,231,172.23,30.68,6058335.0
Ruturaj Gaikwad,RCB,3.0,327,183.59,62.73,18810992.0
David Warner,DC,2.0,442,121.47,47.1,21179613.0
MS Dhoni,MI,14.0,51,160.45,71.21,21099284.0
David Warner,MI,5.0,885,124.56,44.59,22846842.0
Rinku Singh,PBKS,2.0,375,195.38,43.82,6973915.0
Virat Kohli,LSG,6.0,262,93.68,48.34,22263599.0
Virat Kohli,MI,3.0,266,153.78,61.2,16634489.0
Rinku Singh,PBKS,6.0,358,108.32,77.35,25722963.0
Shubman Gill,PBKS,11.0,316,168.34,10.52,7328481.0
David Warner,RCB,10.0,323,109.35,9.01,16061969.0
Hardik Pandya,CSK,9.0,665,115.89,75.32,16973051.0
Yashasvi Jaiswal,GT,1.0,869,144.38,,10884902.0
Suryakumar Yadav,DC,6.0,877,190.63,51.12,16525546.0
MS Dhoni,SRH,9.0,651,113.29,41.18,28206584.0
Virat Kohli,GT,11.0,562,105.87,12.02,11788042.0
Shubman Gill,MI,4.0,628,173.49,62.61,7652880.0
Jasprit Bumrah,DC,11.0,420,145.07,61.04,27579567.0
Yashasvi Jaiswal,RR,12.0,45,190.3,28.38,29774997.0
David Warner,CSK,2.0,820,106.13,27.97,
MS Dhoni,RR,13.0,599,161.05,67.84,19016815.0
Jasprit Bumrah,RR,4.0,719,115.62,10.43,7425595.0
David Warner,LSG,1.0,888,107.24,71.08,8890549.0
Ruturaj Gaikwad,GT,3.0,268,165.18,24.25,6009589.0
Jasprit Bumrah,SRH,10.0,600,155.31,,
Rinku Singh,RCB,9.0,380,173.03,75.2,18670511.0
Ravindra Jadeja,SRH,10.0,117,124.04,55.86,17884997.0
Shubman Gill,RR,,565,139.28,36.08,17540833.0
MS Dhoni,MI,11.0,115,134.6,56.72,19078654.0
Faf du Plessis,CSK,6.0,629,198.25,30.8,18491021.0
Ravindra Jadeja,KKR,3.0,259,122.15,25.79,26047574.0
KL Rahul,SRH,5.0,74,122.43,79.75,19674301.0
KL Rahul,RR,11.0,479,129.0,61.31,28654702.0
MS Dhoni,CSK,8.0,304,152.11,53.35,12831144.0
Jasprit Bumrah,DC,6.0,6,117.76,31.65,5569503.0
David Warner,GT,4.0,365,190.68,8.69,27014105.0
Shubman Gill,PBKS,2.0,633,119.23,7.33,13174321.0
Suryakumar Yadav,LSG,14.0,522,188.54,46.56,17376244.0
KL Rahul,CSK,9.0,347,101.38,62.15,15645005.0
Shubman Gill,MI,,437,162.22,45.3,
KL Rahul,MI,12.0,214,189.77,68.06,18872931.0
Ruturaj Gaikwad,CSK,1.0,428,108.56,7.51,25400903.0
David Warner,MI,1.0,790,196.52,32.51,10346471.0
Ruturaj Gaikwad,GT,13.0,497,139.82,,12589077.0
Yashasvi Jaiswal,MI,4.0,539,194.03,38.55,29687765.0
KL Rahul,SRH,7.0,746,164.45,10.43,6992719.0
Faf du Plessis,PBKS,1.0,366,123.17,76.56,11141018.0
Faf du Plessis,MI,9.0,312,110.71,21.74,19742647.0
Ruturaj Gaikwad,PBKS,4.0,537,123.41,74.17,5255931.0
Rinku Singh,RR,3.0,53,100.23,36.94,14597180.0
Ravindra Jadeja,RCB,1.0,540,105.83,78.91,10709065.0
Faf du Plessis,GT,10.0,466,101.51,46.55,27312344.0
KL Rahul,RCB,4.0,864,136.52,74.81,25961310.0
MS Dhoni,RR,9.0,163,177.51,5.4,22542164.0
Ruturaj Gaikwad,GT,13.0,781,105.55,61.12,5824026.0
Yashasvi Jaiswal,CSK,14.0,333,104.34,72.73,29914208.0
Suryakumar Yadav,CSK,10.0,546,160.78,15.48,29800798.0
Suryakumar Yadav,PBKS,6.0,797,111.69,12.21,28790065.0
Rohit Sharma,RR,6.0,347,100.74,36.84,22231593.0
Ravindra Jadeja,PBKS,1.0,272,108.35,75.03,28797209.0
Jasprit Bumrah,LSG,10.0,719,191.61,45.68,22429908.0
David Warner,MI,2.0,749,180.36,,17522019.0
Faf du Plessis,KKR,11.0,413,128.95,15.58,
Faf du Plessis,LSG,6.0,499,162.14,5.06,10537923.0
Jasprit Bumrah,MI,2.0,92,149.1,65.76,16343171.0
Virat Kohli,GT,3.0,684,164.48,11.57,24415897.0
Yashasvi Jaiswal,PBKS,4.0,78,165.09,52.54,
Hardik Pandya,GT,11.0,621,159.16,73.6,8733488.0
Ruturaj Gaikwad,GT,5.0,216,119.27,20.65,11496776.0
Rinku Singh,MI,9.0,357,94.29,54.9,24865629.0
Yashasvi Jaiswal,RR,12.0,617,140.11,10.9,21808562.0
Sanju Samson,MI,4.0,506,188.01,,17139820.0
Faf du Plessis,DC,13.0,558,152.64,17.29,17949507.0
David Warner,CSK,11.0,180,181.56,60.2,9926788.0
Rohit Sharma,CSK,9.0,575,199.08,27.59,23715132.0
Suryakumar Yadav,LSG,11.0,245,108.0,39.75,8294742.0
Faf du Plessis,CSK,10.0,243,166.1,49.96,23661391.0
Rohit Sharma,MI,3.0,505,164.17,17.85,22600021.0
KL Rahul,SRH,8.0,421,197.8,60.62,15290759.0
Yashasvi Jaiswal,PBKS,12.0,319,198.42,27.7,21373551.0
KL Rahul,MI,1.0,86,165.53,54.68,10090749.0
Hardik Pandya,MI,11.0,216,116.8,16.87,24924960.0
MS Dhoni,KKR,9.0,489,177.84,56.61,21584182.0
Sanju Samson,PBKS,9.0,518,101.77,14.61,19154683.0
Yashasvi Jaiswal,DC,10.0,277,175.88,36.9,22741029.0
Virat Kohli,CSK,2.0,848,190.12,23.54,5531562.0
Hardik Pandya,PBKS,4.0,721,132.11,61.13,16511503.0
Shubman Gill,CSK,13.0,168,159.37,24.65,25987268.0
Virat Kohli,LSG,8.0,329,137.32,71.13,14850575.0
Ravindra Jadeja,PBKS,7.0,649,138.15,71.89,29615174.0
Ruturaj Gaikwad,CSK,1.0,440,124.14,19.73,27556210.0
David Warner,DC,5.0,390,173.83,51.04,23869548.0
Yashasvi Jaiswal,RCB,7.0,495,192.98,11.58,10443961.0
Shubman Gill,GT,4.0,380,193.48,34.37,17309678.0
Shubman Gill,GT,1.0,305,109.23,58.5,14280663.0
Hardik Pandya,DC,9.0,741,186.22,54.46,21949723.0
Jasprit Bumrah,KKR,14.0,819,171.12,51.85,25653321.0
Ravindra Jadeja,RCB,5.0,672,117.81,26.19,17805935.0
MS Dhoni,LSG,11.0,512,97.4,33.35,8490978.0
Yashasvi Jaiswal,DC,2.0,747,119.48,12.72,25640181.0
Jasprit Bumrah,GT,8.0,187,190.34,58.93,23142574.0
Hardik Pandya,GT,11.0,515,159.65,42.79,29186320.0
Ruturaj Gaikwad,GT,13.0,643,169.32,58.16,16601645.0
Suryakumar Yadav,RR,2.0,426,118.29,23.67,17514803.0
Faf du Plessis,DC,3.0,501,169.13,29.33,19018356.0
Faf du Plessis,MI,14.0,729,93.09,,21962855.0
MS Dhoni,LSG,10.0,259,131.29,6.93,25837219.0
Ruturaj Gaikwad,GT,1.0,512,158.94,30.58,10802494.0
Rinku Singh,CSK,11.0,70,106.07,65.25,23617303.0
MS Dhoni,DC,2.0,477,180.53,72.3,25306500.0
Yashasvi Jaiswal,RR,14.0,177,115.85,43.87,27631724.0
Yashasvi Jaiswal,DC,7.0,456,161.75,39.16,21600283.0
Rohit Sharma,LSG,10.0,188,134.57,7.31,11596349.0
Jasprit Bumrah,RR,2.0,290,155.56,70.94,19323140.0
Rinku Singh,LSG,6.0,519,101.82,5.98,29759728.0
Faf du Plessis,DC,3.0,764,91.86,75.86,18443878.0
Shubman Gill,MI,4.0,291,190.05,41.69,29982913.0
Jasprit Bumrah,LSG,11.0,755,119.66,30.65,21304746.0
Sanju Samson,RR,13.0,634,180.16,74.32,17432678.0
Yashasvi Jaiswal,RR,8.0,810,199.93,6.83,21266357.0
Ravindra Jadeja,LSG,14.0,282,113.26,48.61,21310676.0
David Warner,SRH,3.0,543,119.17,46.17,9463588.0
Ruturaj Gaikwad,DC,10.0,845,162.91,21.45,10568250.0
Virat Kohli,SRH,6.0,376,196.2,,12053905.0
MS Dhoni,KKR,1.0,657,190.74,53.92,27428213.0
Yashasvi Jaiswal,DC,7.0,155,145.32,59.53,14263855.0
Jasprit Bumrah,LSG,8.0,507,177.46,5.05,21543597.0
Rinku Singh,RCB,11.0,412,104.93,75.26,17748964.0
David Warner,LSG,14.0,527,197.52,17.34,25429677.0
Ravindra Jadeja,SRH,8.0,354,196.08,22.52,16760933.0
Jasprit Bumrah,MI,3.0,558,108.01,24.76,16101702.0
Virat Kohli,LSG,14.0,762,122.94,7.84,13517709.0
David Warner,LSG,10.0,186,101.02,14.23,6490496.0
Sanju Samson,MI,1.0,30,119.89,78.98,11764482.0
Virat Kohli,LSG,9.0,259,179.76,28.64,22433444.0
Hardik Pandya,GT,13.0,420,131.61,13.65,28488286.0
KL Rahul,RCB,6.0,528,99.72,13.02,28281322.0
Hardik Pandya,CSK,11.0,550,127.64,58.96,9553804.0
Faf du Plessis,RCB,9.0,303,197.95,69.09,10618735.0
Jasprit Bumrah,LSG,7.0,38,159.27,24.27,28876350.0
Yashasvi Jaiswal,GT,1.0,488,135.78,6.57,5151633.0
Yashasvi Jaiswal,DC,12.0,643,108.32,21.73,17468094.0
Yashasvi Jaiswal,LSG,12.0,541,198.48,9.24,14471696.0
Ravindra Jadeja,SRH,,669,180.29,12.75,11516682.0
KL Rahul,GT,6.0,277,120.96,37.36,8354195.0
Hardik Pandya,MI,5.0,202,97.71,22.24,7941449.0
KL Rahul,GT,9.0,65,96.23,43.7,12232540.0
Suryakumar Yadav,MI,2.0,107,103.24,24.01,11755631.0
Jasprit Bumrah,KKR,8.0,267,153.88,75.54,16375585.0
KL Rahul,CSK,11.0,221,192.16,72.95,25891069.0
Shubman Gill,PBKS,5.0,803,144.64,47.51,22943155.0
MS Dhoni,GT,2.0,529,182.72,,13701417.0
MS Dhoni,RR,13.0,89,139.05,33.59,9375979.0
Shubman Gill,SRH,10.0,692,167.94,35.89,27172206.0
David Warner,LSG,11.0,254,170.51,59.57,11909286.0
Rohit Sharma,SRH,11.0,454,109.14,38.87,22664959.0
Ravindra Jadeja,RCB,12.0,252,129.73,69.25,19432245.0
David Warner,PBKS,6.0,256,160.1,75.81,24041332.0
Virat Kohli,RCB,10.0,382,97.78,30.2,22172185.0
Rinku Singh,KKR,8.0,441,129.77,47.05,20353420.0
Ravindra Jadeja,PBKS,4.0,857,148.83,12.13,5855243.0
Ravindra Jadeja,PBKS,2.0,598,199.58,20.04,15166827.0
Virat Kohli,RCB,12.0,89,142.2,36.01,8059867.0
KL Rahul,MI,11.0,748,179.77,20.47,7213889.0
Hardik Pandya,RCB,5.0,389,137.53,70.74,24330404.0
Hardik Pandya,SRH,12.0,581,177.6,16.87,21135736.0
MS Dhoni,MI,2.0,43,155.5,39.17,17299041.0
Ruturaj Gaikwad,SRH,2.0,711,187.53,50.43,5642006.0
David Warner,KKR,6.0,663,135.2,56.89,17911673.0
Suryakumar Yadav,LSG,11.0,597,156.47,33.73,21002301.0
Jasprit Bumrah,DC,10.0,18,159.3,,21138732.0
Faf du Plessis,MI,9.0,100,135.91,47.62,8510940.0
Sanju Samson,KKR,13.0,606,105.87,37.96,9119586.0
Hardik Pandya,RR,4.0,765,100.29,10.04,23557871.0
Jasprit Bumrah,KKR,6.0,356,91.83,39.85,27793504.0
Sanju Samson,RCB,7.0,541,186.09,66.56,19410098.0
Jasprit Bumrah,RCB,13.0,760,116.01,51.09,15965578.0
KL Rahul,DC,11.0,32,113.27,67.41,11144328.0
Sanju Samson,KKR,6.0,228,170.96,42.05,9466430.0
Faf du Plessis,CSK,8.0,523,125.2,13.88,9137736.0
Jasprit Bumrah,LSG,4.0,629,145.66,6.02,15905574.0
Shubman Gill,RCB,12.0,861,107.88,27.74,9340015.0
Faf du Plessis,DC,1.0,154,195.57,57.35,14446879.0
Sanju Samson,LSG,7.0,422,183.67,64.27,10291462.0
Faf du Plessis,KKR,3.0,245,185.02,27.18,23119030.0
Jasprit Bumrah,KKR,14.0,404,134.75,42.17,27736091.0
Rohit Sharma,PBKS,6.0,843,173.86,36.58,6332907.0
Jasprit Bumrah,DC,2.0,758,105.83,35.79,18487357.0
Jasprit Bumrah,RCB,9.0,540,90.95,22.35,26602491.0
KL Rahul,CSK,1.0,160,92.2,15.23,29904894.0
David Warner,KKR,6.0,746,154.53,19.75,19441860.0
Shubman Gill,CSK,6.0,701,140.09,9.15,26490902.0
Suryakumar Yadav,KKR,5.0,116,146.98,19.86,15005878.0
Hardik Pandya,RCB,13.0,270,90.82,5.69,14397333.0
Ravindra Jadeja,LSG,5.0,769,136.5,52.04,29029657.0
Virat Kohli,GT,1.0,691,168.99,28.73,11438505.0
David Warner,LSG,10.0,486,138.7,77.99,10680935.0
Virat Kohli,KKR,12.0,884,170.54,19.53,23276882.0
KL Rahul,SRH,5.0,171,115.63,30.94,8509312.0
Shubman Gill,GT,2.0,273,179.45,31.84,9088770.0
Yashasvi Jaiswal,GT,7.0,258,154.73,5.63,13624602.0
Jasprit Bumrah,CSK,3.0,134,113.18,67.94,27731697.0
Yashasvi Jaiswal,DC,13.0,682,116.04,7.4,25127517.0
Yashasvi Jaiswal,CSK,4.0,721,159.08,75.51,17264829.0
Rinku Singh,CSK,3.0,747,181.29,71.91,24983425.0
MS Dhoni,SRH,3.0,421,135.72,45.16,13189792.0
Yashasvi Jaiswal,LSG,4.0,420,118.41,45.77,28009705.0
Hardik Pandya,LSG,5.0,185,185.37,54.03,12259603.0
Rohit Sharma,RR,1.0,363,163.62,34.03,25419677.0
MS Dhoni,KKR,4.0,606,139.29,53.54,12639172.0
KL Rahul,SRH,12.0,377,143.67,8.36,26659057.0
Ravindra Jadeja,RR,12.0,522,112.47,9.05,8792212.0
David Warner,RCB,11.0,579,,39.29,24989070.0
Rohit Sharma,KKR,8.0,890,129.46,46.22,16853011.0
Faf du Plessis,KKR,10.0,721,199.52,71.59,13414727.0
Sanju Samson,PBKS,7.0,195,142.82,12.85,22419248.0
Rinku Singh,PBKS,9.0,880,143.45,66.7,18748382.0
Rohit Sharma,MI,5.0,97,152.24,20.75,16930260.0
Suryakumar Yadav,MI,13.0,604,190.84,34.56,26403485.0
Yashasvi Jaiswal,CSK,10.0,21,178.09,28.75,22870781.0
KL Rahul,RCB,4.0,449,139.62,35.01,23629355.0
Ruturaj Gaikwad,GT,8.0,171,169.06,16.29,17367321.0
Sanju Samson,GT,9.0,382,154.49,42.77,20655712.0
Virat Kohli,PBKS,13.0,133,144.16,65.12,12346585.0
Hardik Pandya,PBKS,7.0,425,111.15,38.12,6590745.0
Virat Kohli,PBKS,14.0,24,141.03,41.8,22130151.0
Rohit Sharma,SRH,7.0,502,117.04,68.66,27387904.0
Ravindra Jadeja,DC,5.0,184,190.63,57.95,23943674.0
Virat Kohli,MI,,84,126.89,41.78,20972465.0
Suryakumar Yadav,SRH,14.0,566,194.75,24.33,24800960.0
KL Rahul,LSG,10.0,762,148.64,71.37,8573258.0
Faf du Plessis,GT,1.0,143,159.47,48.28,19260288.0
Ravindra Jadeja,KKR,10.0,862,149.72,21.59,24152862.0
David Warner,MI,10.0,678,104.23,,27119695.0
Hardik Pandya,RR,7.0,411,131.34,65.23,8751413.0
Suryakumar Yadav,LSG,1.0,223,100.91,8.31,10584533.0
Suryakumar Yadav,MI,1.0,219,158.52,79.41,13930665.0
Virat Kohli,SRH,5.0,178,139.16,14.78,11243246.0
Yashasvi Jaiswal,RCB,13.0,630,175.58,64.71,7723024.0
Virat Kohli,KKR,9.0,432,114.25,34.61,14745693.0
Rohit Sharma,MI,6.0,264,108.1,41.92,22089545.0
David Warner,DC,3.0,428,134.7,71.05,6706722.0
MS Dhoni,PBKS,13.0,661,191.92,35.97,
Ravindra Jadeja,PBKS,3.0,415,168.15,45.31,8540564.0
Virat Kohli,KKR,7.0,452,136.08,8.7,8165317.0
KL Rahul,SRH,6.0,726,146.9,5.18,10507906.0
Ruturaj Gaikwad,PBKS,9.0,196,99.26,23.36,21708392.0
Hardik Pandya,MI,6.0,553,198.3,56.04,9847828.0
Jasprit Bumrah,RR,5.0,52,163.3,14.09,26389260.0
Virat Kohli,GT,10.0,479,121.39,13.53,9154967.0
KL Rahul,GT,7.0,442,154.44,35.82,17570650.0
Ravindra Jadeja,LSG,1.0,329,102.04,53.59,6364981.0
KL Rahul,CSK,12.0,250,196.24,58.41,13119363.0
Hardik Pandya,RCB,7.0,806,109.23,18.38,22435413.0
MS Dhoni,KKR,3.0,889,161.28,10.97,11627735.0
KL Rahul,LSG,14.0,782,117.0,75.53,13338983.0
Ruturaj Gaikwad,CSK,9.0,122,168.93,24.55,20258732.0
KL Rahul,SRH,6.0,878,175.45,69.0,15309705.0
KL Rahul,DC,9.0,386,164.08,69.76,7726465.0
KL Rahul,DC,13.0,338,157.59,62.94,17239527.0
Faf du Plessis,RCB,5.0,777,188.17,17.66,24830127.0
Faf du Plessis,PBKS,7.0,347,98.65,66.64,6293073.0
MS Dhoni,MI,13.0,28,126.4,62.69,25345701.0
Virat Kohli,LSG,14.0,34,117.31,49.75,26954796.0
KL Rahul,LSG,4.0,517,198.68,30.29,25867798.0
Rinku Singh,KKR,7.0,395,132.83,24.69,7141549.0
David Warner,KKR,13.0,622,170.59,,7960669.0
Rinku Singh,DC,1.0,293,165.32,43.23,28918969.0
Virat Kohli,DC,7.0,588,113.33,48.89,13182420.0
MS Dhoni,RR,8.0,348,116.29,31.95,6504137.0
Yashasvi Jaiswal,RR,5.0,146,120.94,40.65,5277132.0
Yashasvi Jaiswal,PBKS,2.0,66,135.22,32.26,18790283.0
Shubman Gill,RR,5.0,519,115.78,53.08,20238152.0
Rinku Singh,MI,6.0,121,92.16,72.59,23782403.0
Virat Kohli,MI,12.0,339,186.73,17.29,10500533.0
Virat Kohli,LSG,2.0,174,196.22,33.61,25796705.0
Sanju Samson,GT,14.0,899,127.57,15.57,27596668.0
Rohit Sharma,MI,6.0,690,127.24,51.87,7141572.0
Jasprit Bumrah,CSK,6.0,596,90.78,59.67,10708593.0
Ravindra Jadeja,DC,1.0,450,164.83,74.89,
Sanju Samson,KKR,14.0,556,180.8,25.92,
Ruturaj Gaikwad,RR,1.0,135,106.13,76.27,14634425.0
Faf du Plessis,LSG,14.0,854,107.56,9.74,22767078.0
Faf du Plessis,RCB,11.0,15,176.91,50.23,17252153.0
Rohit Sharma,KKR,10.0,332,157.79,9.28,23900336.0
Hardik Pandya,CSK,3.0,194,94.93,72.03,22537367.0
Hardik Pandya,RR,14.0,495,158.48,44.74,29835828.0
MS Dhoni,CSK,10.0,8,123.98,55.2,
Suryakumar Yadav,DC,10.0,827,130.56,67.37,22911158.0
Rohit Sharma,DC,12.0,333,174.67,16.27,17064362.0
Jasprit Bumrah,PBKS,3.0,332,179.2,7.89,18634586.0
Virat Kohli,LSG,4.0,326,134.04,70.92,8748688.0
Hardik Pandya,KKR,2.0,14,194.19,28.62,18931876.0
Jasprit Bumrah,SRH,9.0,838,134.71,14.67,6712189.0
KL Rahul,SRH,10.0,613,174.9,40.13,11083645.0
Rinku Singh,KKR,12.0,225,143.23,49.87,10368229.0
Rinku Singh,RCB,11.0,424,188.73,7.32,9769561.0
Suryakumar Yadav,LSG,14.0,789,189.85,25.62,
David Warner,CSK,7.0,407,99.62,7.46,17700198.0
Virat Kohli,RCB,7.0,112,193.01,36.53,10156219.0
Ravindra Jadeja,GT,6.0,427,180.81,72.13,24997972.0
Ravindra Jadeja,KKR,3.0,0,177.04,78.7,27841949.0
Ruturaj Gaikwad,CSK,6.0,265,112.1,52.78,10113262.0
Ravindra Jadeja,SRH,14.0,490,178.56,17.12,14323634.0
KL Rahul,MI,12.0,207,183.51,72.94,21256120.0
KL Rahul,PBKS,8.0,621,121.81,43.72,23274276.0
Rinku Singh,SRH,8.0,711,194.75,16.53,20594370.0
Rohit Sharma,LSG,11.0,368,95.48,74.13,5605599.0
Suryakumar Yadav,DC,13.0,305,106.49,61.81,14316514.0
MS Dhoni,MI,9.0,11,149.13,59.88,11896525.0
Ruturaj Gaikwad,PBKS,1.0,344,153.34,58.19,27580911.0
Hardik Pandya,PBKS,14.0,464,160.97,20.03,26547989.0
Jasprit Bumrah,GT,1.0,699,91.87,20.83,8041658.0
Rohit Sharma,GT,,665,195.64,,15042691.0
Hardik Pandya,RR,3.0,493,94.9,21.48,16415724.0
Rohit Sharma,SRH,10.0,367,105.74,37.9,19799847.0
Rohit Sharma,SRH,8.0,845,91.54,63.65,13550162.0
Rohit Sharma,SRH,10.0,419,152.35,63.8,5179300.0
Rinku Singh,RR,1.0,888,192.55,38.99,8753281.0
Ravindra Jadeja,RCB,13.0,790,163.25,64.41,22875918.0
Suryakumar Yadav,PBKS,2.0,170,180.49,67.9,29924225.0
MS Dhoni,MI,2.0,133,91.46,54.11,8200842.0
Ravindra Jadeja,LSG,3.0,426,149.62,22.13,26177942.0
Rohit Sharma,PBKS,13.0,24,140.55,25.55,14101769.0
Shubman Gill,GT,6.0,529,144.89,28.61,20480386.0
David Warner,CSK,1.0,189,97.94,13.76,21898500.0
Hardik Pandya,DC,2.0,140,165.29,25.49,23020261.0
Virat Kohli,RR,13.0,554,145.35,20.71,17453580.0
Sanju Samson,KKR,13.0,845,174.17,39.15,11190505.0
Ravindra Jadeja,CSK,1.0,795,143.38,73.13,6190866.0
Jasprit Bumrah,LSG,5.0,657,106.43,12.84,16306914.0
Rinku Singh,SRH,13.0,314,161.31,59.02,29299863.0
Ruturaj Gaikwad,GT,13.0,443,108.96,56.55,9498448.0
Faf du Plessis,GT,7.0,318,185.96,12.18,21587047.0
MS Dhoni,GT,8.0,440,157.44,74.19,10798089.0
Virat Kohli,SRH,10.0,91,107.29,47.64,5161686.0
KL Rahul,KKR,1.0,178,195.86,32.28,10959429.0
Yashasvi Jaiswal,RR,7.0,55,147.02,61.74,6666196.0
Shubman Gill,CSK,13.0,154,98.02,24.3,14822582.0
Faf du Plessis,SRH,5.0,671,158.95,57.01,9921207.0
Sanju Samson,LSG,10.0,110,117.85,7.98,25860962.0
Virat Kohli,RR,1.0,136,178.41,67.96,16995164.0
Faf du Plessis,LSG,3.0,231,179.96,38.61,21737030.0
Virat Kohli,RR,7.0,467,197.68,52.75,28449820.0
Jasprit Bumrah,KKR,10.0,731,145.21,21.59,27779956.0
Shubman Gill,DC,1.0,480,140.05,55.78,8030948.0
Sanju Samson,LSG,7.0,67,172.88,62.92,19970208.0
KL Rahul,SRH,5.0,813,104.57,40.49,29247687.0
Rohit Sharma,RR,1.0,248,150.16,51.33,10482571.0
Hardik Pandya,GT,1.0,322,150.09,39.22,13681135.0
KL Rahul,PBKS,14.0,517,99.84,72.06,21293838.0
Rohit Sharma,GT,1.0,791,135.98,42.34,21423028.0
Yashasvi Jaiswal,RCB,11.0,431,183.86,68.14,5810713.0
Rinku Singh,DC,9.0,486,184.18,65.1,20825844.0
Suryakumar Yadav,DC,11.0,605,100.92,35.79,6108731.0
Suryakumar Yadav,GT,13.0,428,99.98,22.26,19575910.0
Suryakumar Yadav,CSK,3.0,268,,35.46,9512761.0
MS Dhoni,KKR,13.0,708,186.22,66.97,9187586.0
Ravindra Jadeja,LSG,5.0,536,104.18,22.07,25440897.0
David Warner,SRH,11.0,147,169.2,44.33,25706821.0
Ruturaj Gaikwad,DC,10.0,117,101.13,65.46,28854100.0
Ruturaj Gaikwad,GT,12.0,849,158.55,31.51,13238152.0
Ravindra Jadeja,GT,9.0,366,129.17,53.17,26490505.0
Suryakumar Yadav,KKR,6.0,849,176.78,23.42,18780003.0
Hardik Pandya,KKR,12.0,65,115.71,13.2,
Sanju Samson,MI,9.0,812,160.31,64.58,5818408.0
Shubman Gill,MI,8.0,369,,12.42,8250133.0
Sanju Samson,CSK,8.0,174,168.5,25.35,8723760.0
Shubman Gill,CSK,1.0,830,186.1,69.13,15377421.0
Sanju Samson,RCB,13.0,587,103.95,30.99,11818217.0
David Warner,CSK,9.0,494,185.33,77.98,7760620.0
MS Dhoni,RR,6.0,113,155.29,78.48,29670251.0
MS Dhoni,KKR,9.0,110,103.98,25.12,7341978.0
Suryakumar Yadav,SRH,3.0,760,137.03,8.07,8399584.0
Yashasvi Jaiswal,RR,12.0,438,107.69,57.88,18346619.0
Rohit Sharma,LSG,3.0,714,167.04,38.82,13908245.0
Yashasvi Jaiswal,GT,6.0,146,173.48,12.56,11019676.0
Faf du Plessis,CSK,9.0,34,101.64,58.06,14420626.0
MS Dhoni,GT,7.0,308,145.68,7.34,16861996.0
MS Dhoni,DC,14.0,537,179.61,70.26,27074700.0
KL Rahul,RCB,13.0,749,192.98,15.4,9702714.0
KL Rahul,DC,3.0,13,146.49,14.55,20733529.0
Rohit Sharma,RCB,3.0,373,194.53,18.18,15182101.0
Jasprit Bumrah,MI,2.0,556,148.93,77.02,18401315.0
Faf du Plessis,GT,9.0,427,133.36,56.99,12914871.0
Yashasvi Jaiswal,RCB,13.0,727,183.3,65.1,5658561.0
Hardik Pandya,PBKS,3.0,232,144.23,34.82,16771566.0
KL Rahul,RR,11.0,704,141.91,30.22,28304811.0
Hardik Pandya,RCB,5.0,562,143.93,22.59,10332762.0
Virat Kohli,RCB,14.0,886,183.15,41.05,8413553.0
KL Rahul,RR,14.0,725,181.51,46.39,28170654.0
David Warner,GT,,662,134.39,52.38,
Jasprit Bumrah,GT,8.0,439,126.66,,17449164.0
Faf du Plessis,RR,2.0,501,144.11,76.15,7310480.0
Rinku Singh,DC,3.0,274,153.0,17.73,23679427.0
Rohit Sharma,PBKS,2.0,849,116.22,77.42,7256376.0
Virat Kohli,SRH,8.0,75,177.34,6.11,6622925.0
Rinku Singh,LSG,6.0,438,143.51,41.08,26554043.0
Faf du Plessis,PBKS,6.0,731,126.75,30.0,11067202.0
Yashasvi Jaiswal,GT,12.0,859,101.75,38.68,27634457.0
Suryakumar Yadav,SRH,9.0,698,116.27,47.8,11090713.0
David Warner,MI,,288,194.42,37.67,23361297.0
Faf du Plessis,CSK,4.0,539,123.56,36.11,10014477.0
David Warner,RCB,12.0,890,108.57,59.95,6240962.0
Ravindra Jadeja,RR,4.0,691,140.67,,14700736.0
David Warner,RR,9.0,252,,67.5,10810071.0
Hardik Pandya,RCB,1.0,125,93.87,23.75,5107042.0
Ravindra Jadeja,CSK,13.0,176,125.55,50.71,9962317.0
Sanju Samson,LSG,2.0,36,149.85,48.89,20336642.0
Rinku Singh,CSK,2.0,409,150.69,32.73,16715980.0
Suryakumar Yadav,SRH,13.0,610,129.22,41.45,17029233.0
Ravindra Jadeja,CSK,13.0,609,139.2,28.53,11675789.0
Yashasvi Jaiswal,SRH,6.0,126,196.21,15.64,26605076.0
Virat Kohli,CSK,4.0,482,131.51,21.04,21283033.0
Faf du Plessis,LSG,13.0,167,118.4,12.91,27089730.0
Shubman Gill,LSG,11.0,591,116.78,56.23,12719602.0
Virat Kohli,GT,10.0,293,140.35,54.55,23808359.0
Sanju Samson,RCB,13.0,844,173.55,76.3,10648035.0
Virat Kohli,LSG,3.0,637,112.66,59.73,27038322.0
MS Dhoni,SRH,3.0,342,168.02,8.9,8171050.0
Yashasvi Jaiswal,LSG,3.0,309,92.33,71.32,15341120.0
Shubman Gill,GT,6.0,661,136.08,69.7,23670439.0
Ravindra Jadeja,RR,14.0,527,175.35,38.25,20614446.0
Ravindra Jadeja,SRH,8.0,539,127.26,48.94,23781574.0
Ravindra Jadeja,GT,11.0,418,152.01,78.21,22468788.0
Sanju Samson,DC,7.0,443,112.55,44.92,25177971.0
Hardik Pandya,DC,14.0,684,171.62,72.9,5073079.0
Rinku Singh,MI,4.0,557,95.75,11.23,18655434.0
Faf du Plessis,CSK,,839,183.78,19.33,28056282.0
Jasprit Bumrah,RCB,12.0,235,111.8,38.06,15124284.0
Ruturaj Gaikwad,KKR,4.0,438,,48.86,14285773.0
Rinku Singh,PBKS,11.0,213,128.78,66.22,8152981.0
Sanju Samson,GT,10.0,84,169.5,79.12,26050831.0
Rohit Sharma,RR,11.0,793,125.11,34.16,16305005.0
Yashasvi Jaiswal,PBKS,11.0,743,189.65,8.56,22759051.0
Faf du Plessis,RR,14.0,84,103.93,65.09,29013808.0
Rinku Singh,PBKS,11.0,488,109.64,50.33,29427757.0
Suryakumar Yadav,GT,2.0,64,144.23,19.89,8737609.0
Sanju Samson,KKR,14.0,645,99.01,42.11,5954940.0
MS Dhoni,PBKS,1.0,662,111.56,60.67,6198061.0
Ruturaj Gaikwad,GT,9.0,626,193.81,62.78,7323985.0
MS Dhoni,LSG,12.0,63,197.41,42.47,6247880.0
Ravindra Jadeja,KKR,12.0,342,131.39,27.89,22830796.0
Ruturaj Gaikwad,SRH,2.0,874,191.56,78.03,15442929.0
Rinku Singh,RR,13.0,351,149.93,54.75,12754757.0
Suryakumar Yadav,DC,8.0,157,119.67,35.62,22814356.0
Ravindra Jadeja,CSK,9.0,588,167.26,26.03,19039366.0
Jasprit Bumrah,DC,4.0,490,162.48,59.83,29235363.0
Yashasvi Jaiswal,KKR,8.0,657,198.8,23.16,22667864.0
Rohit Sharma,SRH,9.0,854,119.16,17.88,21955691.0
Faf du Plessis,RR,10.0,462,163.93,44.74,24172877.0
Hardik Pandya,SRH,10.0,224,95.72,26.75,10974300.0
MS Dhoni,PBKS,5.0,312,102.5,52.17,17943689.0
MS Dhoni,RR,13.0,614,90.43,13.85,18527089.0
Ravindra Jadeja,PBKS,14.0,858,199.94,54.12,
David Warner,GT,7.0,812,178.25,26.25,11701828.0
Ruturaj Gaikwad,KKR,10.0,465,176.54,5.02,17115911.0
KL Rahul,GT,4.0,87,146.07,14.52,28463533.0
Jasprit Bumrah,MI,1.0,882,123.01,75.02,27507897.0
Faf du Plessis,SRH,3.0,302,106.64,70.05,8786491.0
Ruturaj Gaikwad,PBKS,5.0,679,121.31,22.52,8090007.0
David Warner,LSG,3.0,434,131.36,63.38,5050151.0
Virat Kohli,GT,12.0,681,173.19,50.64,10834552.0
Ruturaj Gaikwad,MI,13.0,134,149.36,77.82,26333529.0
Hardik Pandya,RCB,11.0,49,98.52,33.02,7839611.0
Faf du Plessis,DC,7.0,431,91.98,56.11,24086179.0
Rinku Singh,RR,12.0,339,101.26,9.77,28906059.0
Jasprit Bumrah,MI,9.0,346,135.15,34.72,16412554.0
David Warner,KKR,12.0,645,192.65,77.29,8883755.0
Virat Kohli,GT,6.0,346,160.11,45.42,9617663.0
Yashasvi Jaiswal,KKR,13.0,648,178.2,26.59,12233469.0
Shubman Gill,DC,10.0,244,141.3,14.02,16884260.0
David Warner,LSG,1.0,108,129.78,57.76,22469317.0
Shubman Gill,SRH,7.0,824,101.92,53.36,18100561.0
Faf du Plessis,SRH,3.0,798,186.35,33.05,5099919.0
MS Dhoni,KKR,5.0,532,176.15,76.32,14653930.0
David Warner,PBKS,10.0,89,108.49,6.67,16728356.0
Yashasvi Jaiswal,LSG,4.0,295,146.35,27.78,25509000.0
Rohit Sharma,SRH,10.0,111,143.61,74.08,25321666.0
Ravindra Jadeja,LSG,5.0,812,158.76,29.07,26516413.0
Shubman Gill,MI,5.0,588,194.08,23.92,16088638.0
Ravindra Jadeja,LSG,6.0,176,153.77,45.07,11581831.0
Hardik Pandya,CSK,14.0,342,149.42,,19235173.0
Rohit Sharma,DC,10.0,659,95.54,12.74,12417155.0
Ravindra Jadeja,SRH,12.0,100,96.92,75.73,23625739.0
Sanju Samson,LSG,10.0,757,110.61,64.63,6397931.0
Sanju Samson,KKR,13.0,628,93.57,18.59,13820446.0
Virat Kohli,RCB,13.0,603,171.77,58.4,23628824.0
Jasprit Bumrah,CSK,11.0,400,169.57,33.87,20887604.0
MS Dhoni,CSK,6.0,27,104.97,35.17,18438654.0
Faf du Plessis,PBKS,8.0,536,181.97,63.75,6987881.0
David Warner,LSG,8.0,57,107.03,77.21,28237439.0
KL Rahul,PBKS,11.0,497,123.13,14.5,19577845.0
Hardik Pandya,PBKS,9.0,296,117.39,36.55,14048574.0
Shubman Gill,RCB,8.0,133,130.95,41.07,12737726.0
Faf du Plessis,MI,13.0,330,118.01,33.22,25561612.0
Rohit Sharma,LSG,11.0,248,143.78,32.24,10719912.0
Suryakumar Yadav,GT,2.0,549,134.81,8.92,18278406.0
Sanju Samson,SRH,14.0,74,198.52,56.42,28531851.0
Suryakumar Yadav,PBKS,14.0,653,96.15,37.72,11141092.0
Yashasvi Jaiswal,DC,12.0,833,105.64,19.61,26128067.0
Hardik Pandya,RR,10.0,167,95.81,66.2,28921281.0
KL Rahul,DC,12.0,770,158.84,65.19,17209707.0
David Warner,RCB,11.0,502,96.0,41.48,26027266.0
Virat Kohli,RCB,1.0,884,182.01,27.38,17443843.0
KL Rahul,KKR,10.0,354,146.31,52.86,8843941.0
Hardik Pandya,MI,2.0,224,147.97,26.61,21600267.0
KL Rahul,SRH,2.0,663,151.78,22.7,27843346.0
Hardik Pandya,PBKS,12.0,530,108.79,59.79,7265545.0
Hardik Pandya,DC,3.0,145,111.75,8.02,11574909.0
Ruturaj Gaikwad,RR,10.0,240,125.07,12.11,13981775.0
Shubman Gill,RCB,7.0,883,155.28,5.51,27366968.0
Rinku Singh,RCB,2.0,892,113.11,16.47,12560116.0
Suryakumar Yadav,MI,14.0,343,,10.17,19558408.0
Rinku Singh,RR,1.0,748,196.71,79.69,13297530.0
Rinku Singh,RR,14.0,34,92.42,26.66,14037451.0
Rinku Singh,MI,6.0,701,178.3,16.2,8501174.0
Ravindra Jadeja,RCB,9.0,0,176.68,23.07,14297448.0
Sanju Samson,SRH,3.0,152,122.69,75.21,29660366.0
Ruturaj Gaikwad,LSG,6.0,428,104.92,44.01,12556929.0
David Warner,LSG,3.0,507,106.02,32.36,21505162.0
Ruturaj Gaikwad,MI,14.0,125,166.72,70.5,20543562.0
MS Dhoni,RR,13.0,490,160.71,34.62,5790023.0
MS Dhoni,PBKS,1.0,481,176.1,30.13,10336758.0
Ravindra Jadeja,MI,14.0,344,193.12,20.55,29242655.0
Sanju Samson,SRH,13.0,737,166.11,33.33,18224069.0
KL Rahul,MI,12.0,220,107.14,28.75,28326388.0
Shubman Gill,CSK,5.0,722,116.78,55.8,12099283.0
Sanju Samson,DC,10.0,24,182.64,26.72,11214566.0
Ravindra Jadeja,RR,14.0,527,113.02,48.29,8162466.0
Hardik Pandya,KKR,13.0,181,97.98,9.94,6182279.0
Rohit Sharma,KKR,11.0,498,167.36,,6721841.0
Shubman Gill,RR,4.0,840,134.28,35.56,14980528.0
Jasprit Bumrah,SRH,7.0,640,191.2,75.27,17299370.0
Suryakumar Yadav,CSK,6.0,41,161.53,33.29,29627489.0
Shubman Gill,CSK,10.0,480,99.95,54.81,21112440.0
Ravindra Jadeja,RCB,7.0,847,194.26,24.13,28708276.0
Hardik Pandya,DC,5.0,747,118.44,14.53,11982263.0
Hardik Pandya,LSG,4.0,871,127.09,9.39,25501650.0
Virat Kohli,GT,7.0,438,134.25,27.91,14212230.0
Rinku Singh,SRH,7.0,401,95.63,16.82,21803230.0
Sanju Samson,GT,6.0,545,144.62,18.05,17764262.0
Hardik Pandya,GT,8.0,344,103.57,62.06,20592059.0
MS Dhoni,RR,4.0,892,134.11,6.19,7885364.0
Rinku Singh,KKR,10.0,44,128.58,46.84,22262075.0
David Warner,KKR,5.0,645,175.01,33.46,26461859.0
Rohit Sharma,LSG,4.0,20,178.35,42.99,14279915.0
Ravindra Jadeja,RR,12.0,633,106.88,47.21,14396616.0
Suryakumar Yadav,GT,1.0,69,130.32,28.5,6409849.0
Sanju Samson,PBKS,12.0,863,131.07,27.13,13432531.0
Faf du Plessis,KKR,8.0,872,106.66,60.01,6662060.0
MS Dhoni,SRH,1.0,47,177.83,70.35,28066488.0
Yashasvi Jaiswal,SRH,5.0,490,167.8,19.44,19158171.0
Jasprit Bumrah,RCB,6.0,550,110.94,12.32,12704625.0
KL Rahul,MI,6.0,286,130.34,72.33,16918227.0
Hardik Pandya,PBKS,13.0,9,101.64,31.24,16238504.0
Faf du Plessis,KKR,5.0,541,159.1,46.35,19040483.0
Hardik Pandya,CSK,3.0,755,103.35,31.97,5947226.0
Shubman Gill,KKR,5.0,273,,14.44,12740359.0
MS Dhoni,RCB,12.0,599,175.88,49.2,14155359.0
Shubman Gill,SRH,8.0,755,132.93,44.39,9859648.0
Virat Kohli,GT,14.0,380,153.64,20.22,23840848.0
Shubman Gill,CSK,2.0,328,190.25,38.89,7976760.0
Virat Kohli,RR,6.0,478,150.95,64.77,17262024.0
Jasprit Bumrah,DC,9.0,14,109.19,49.28,27275411.0
Ravindra Jadeja,GT,8.0,515,131.66,12.27,12629100.0
Virat Kohli,DC,14.0,190,182.75,46.1,20985928.0
Faf du Plessis,PBKS,11.0,167,160.86,57.71,9689491.0
Rinku Singh,MI,8.0,520,161.58,64.45,17183717.0
Hardik Pandya,CSK,8.0,620,185.35,52.18,12575867.0
KL Rahul,LSG,13.0,136,188.34,16.45,21650240.0
Rinku Singh,CSK,7.0,153,191.18,58.26,23678779.0
Suryakumar Yadav,KKR,8.0,387,100.43,55.8,25274936.0
Ravindra Jadeja,SRH,13.0,208,149.85,6.83,7891838.0
Shubman Gill,KKR,6.0,271,171.46,35.88,17970466.0
Yashasvi Jaiswal,KKR,2.0,142,173.26,29.97,7850467.0
Suryakumar Yadav,PBKS,2.0,610,156.74,55.21,15956096.0
MS Dhoni,GT,8.0,888,108.35,21.21,20603533.0
Virat Kohli,LSG,11.0,819,177.72,49.32,16742408.0
Hardik Pandya,LSG,1.0,68,169.21,73.49,25170973.0
Rohit Sharma,KKR,6.0,246,99.47,64.84,16743383.0
Sanju Samson,DC,13.0,260,141.02,74.11,28433841.0
Faf du Plessis,PBKS,6.0,787,109.14,78.39,21907725.0
KL Rahul,KKR,11.0,78,127.12,5.8,7859224.0
Ruturaj Gaikwad,MI,4.0,657,91.99,51.71,27315203.0
Faf du Plessis,SRH,12.0,622,134.04,35.96,7624713.0
Jasprit Bumrah,GT,11.0,769,150.49,69.49,5539618.0
Rohit Sharma,RR,13.0,604,158.15,23.89,24026934.0
Yashasvi Jaiswal,MI,11.0,524,162.98,78.58,5908521.0
Sanju Samson,DC,13.0,771,181.99,51.03,5003212.0
Rohit Sharma,CSK,10.0,620,113.7,64.52,13620739.0
Shubman Gill,CSK,3.0,329,103.25,11.42,5476657.0
Virat Kohli,MI,13.0,188,183.67,18.76,15049066.0
Ravindra Jadeja,KKR,11.0,94,107.23,61.88,12472184.0
KL Rahul,RR,3.0,616,197.22,6.65,21023459.0
David Warner,RCB,13.0,7,182.68,66.27,27042103.0
Virat Kohli,RCB,13.0,66,145.1,6.05,5638093.0
David Warner,DC,1.0,495,197.96,54.28,8490513.0
Suryakumar Yadav,KKR,3.0,190,100.71,32.38,12960135.0
Ravindra Jadeja,LSG,4.0,365,123.34,50.86,26804767.0
Sanju Samson,LSG,11.0,767,160.2,57.2,21598554.0
Hardik Pandya,GT,11.0,520,128.5,30.69,23612863.0
Ruturaj Gaikwad,RR,5.0,116,192.12,13.1,22102953.0
MS Dhoni,RR,3.0,266,97.22,10.22,17046500.0
Rinku Singh,CSK,6.0,610,150.44,49.17,11369494.0
Ravindra Jadeja,PBKS,11.0,484,,44.05,14793227.0
Virat Kohli,DC,14.0,508,161.8,60.67,12356505.0
KL Rahul,RCB,12.0,297,118.12,43.23,26624579.0
Rinku Singh,DC,5.0,163,130.1,36.68,10368681.0
Jasprit Bumrah,LSG,3.0,375,182.8,34.86,11194403.0
Jasprit Bumrah,LSG,6.0,652,111.44,6.98,5894030.0
Rohit Sharma,MI,6.0,267,180.96,30.17,20290975.0
Rinku Singh,GT,14.0,548,151.89,78.2,17042588.0
KL Rahul,RR,8.0,73,173.84,70.52,10467977.0
Sanju Samson,SRH,2.0,507,168.5,29.7,19979028.0
Suryakumar Yadav,DC,1.0,72,112.83,49.08,18304079.0
David Warner,LSG,4.0,307,152.57,68.55,14717742.0
Rohit Sharma,PBKS,7.0,198,185.45,38.1,12729554.0
Jasprit Bumrah,CSK,,129,137.53,6.35,19704284.0
MS Dhoni,RCB,10.0,757,196.32,10.59,16070579.0
MS Dhoni,GT,3.0,823,139.74,43.28,24572153.0
Virat Kohli,PBKS,3.0,571,105.71,77.71,28078059.0
Sanju Samson,GT,5.0,790,132.84,56.99,28669775.0
Hardik Pandya,MI,5.0,614,194.69,10.32,26523392.0
Jasprit Bumrah,SRH,13.0,807,125.17,19.2,26540591.0
Yashasvi Jaiswal,LSG,10.0,831,185.49,62.85,23520961.0
Sanju Samson,CSK,3.0,486,186.94,68.11,18292599.0
Suryakumar Yadav,PBKS,9.0,852,128.52,51.33,25563046.0
David Warner,GT,4.0,150,99.16,53.33,5250139.0
KL Rahul,RR,13.0,668,169.7,7.13,13888836.0
Rinku Singh,MI,13.0,205,124.27,67.14,19297705.0
Jasprit Bumrah,RR,3.0,178,176.12,64.12,15134805.0
Rinku Singh,CSK,11.0,196,138.69,24.43,12151476.0
MS Dhoni,PBKS,2.0,734,143.38,58.15,18517411.0
KL Rahul,MI,10.0,88,175.57,21.11,5778639.0
KL Rahul,PBKS,13.0,798,132.06,8.02,16879926.0
KL Rahul,LSG,11.0,433,138.74,20.09,18473877.0
MS Dhoni,KKR,9.0,787,131.38,18.4,9972863.0
Suryakumar Yadav,MI,4.0,747,130.41,30.33,23309455.0
Rinku Singh,RR,3.0,182,147.85,36.38,15698925.0
Faf du Plessis,CSK,7.0,208,178.97,43.14,26376947.0
Rinku Singh,SRH,8.0,492,129.79,40.76,18035113.0
Shubman Gill,LSG,11.0,129,147.67,25.3,8935806.0
David Warner,KKR,14.0,664,163.78,7.19,8918139.0
Yashasvi Jaiswal,SRH,2.0,12,119.64,50.38,7402112.0
Faf du Plessis,RCB,7.0,633,120.53,34.68,16623796.0
David Warner,LSG,12.0,870,192.68,27.4,23132048.0
Rohit Sharma,CSK,5.0,731,169.59,70.02,7020991.0
Sanju Samson,GT,,105,153.49,61.01,29848054.0
Sanju Samson,MI,5.0,374,161.25,69.33,27152946.0
Ruturaj Gaikwad,PBKS,3.0,581,93.22,42.12,21206833.0
Sanju Samson,CSK,5.0,706,157.99,14.82,23871003.0
Rinku Singh,MI,12.0,697,146.05,57.22,27877254.0
MS Dhoni,SRH,2.0,98,150.03,20.46,28804872.0
Yashasvi Jaiswal,PBKS,4.0,593,129.54,38.09,22800021.0
Hardik Pandya,DC,6.0,586,98.96,9.88,22722009.0
Virat Kohli,RR,1.0,885,111.27,66.9,9501236.0
Ruturaj Gaikwad,RCB,10.0,851,194.58,14.45,11558347.0
Ravindra Jadeja,LSG,4.0,191,134.96,72.73,20672390.0
Ravindra Jadeja,CSK,6.0,324,141.34,69.82,16010093.0
Virat Kohli,RCB,9.0,725,95.8,39.84,20692846.0
David Warner,GT,14.0,826,94.13,60.83,23357838.0
Virat Kohli,MI,11.0,466,168.89,51.46,25702629.0
Virat Kohli,MI,11.0,893,149.19,65.23,14300116.0
Ravindra Jadeja,CSK,13.0,366,145.96,37.39,6727373.0
Ruturaj Gaikwad,KKR,2.0,317,116.74,63.94,5140926.0
Rohit Sharma,KKR,,143,171.92,39.68,21960364.0
Rinku Singh,DC,7.0,383,108.51,75.57,13091620.0
KL Rahul,RR,6.0,215,110.89,41.48,27696804.0
Sanju Samson,PBKS,2.0,360,140.68,39.7,25990975.0
Sanju Samson,GT,8.0,323,121.49,63.88,20414248.0
MS Dhoni,RCB,7.0,14,117.22,66.62,11214405.0
Ruturaj Gaikwad,KKR,11.0,216,160.98,46.59,10708019.0
MS Dhoni,DC,5.0,491,161.61,18.48,12571929.0
Hardik Pandya,DC,12.0,546,180.7,40.08,28501181.0
Hardik Pandya,CSK,5.0,182,135.95,77.61,12832678.0
MS Dhoni,GT,,269,98.04,61.47,26584360.0
Ruturaj Gaikwad,SRH,9.0,466,120.1,65.84,18415460.0
MS Dhoni,PBKS,11.0,869,197.8,7.46,14336327.0
Sanju Samson,RR,9.0,611,155.59,40.09,18975270.0
Faf du Plessis,LSG,9.0,518,168.07,53.5,24533132.0
Shubman Gill,CSK,6.0,541,90.81,67.25,16634983.0
Ravindra Jadeja,PBKS,10.0,466,147.0,8.7,17124266.0
Ravindra Jadeja,LSG,6.0,304,94.13,68.93,
Yashasvi Jaiswal,LSG,3.0,143,152.62,46.13,14221049.0
Virat Kohli,GT,1.0,110,191.28,19.8,10204497.0
Shubman Gill,GT,7.0,231,196.53,28.79,10371704.0
Rinku Singh,RCB,4.0,690,149.46,26.14,28841874.0
Ruturaj Gaikwad,DC,1.0,583,140.4,44.81,12107493.0
Suryakumar Yadav,PBKS,8.0,721,193.95,8.88,27975169.0
Shubman Gill,CSK,12.0,731,164.1,16.89,21373755.0
Yashasvi Jaiswal,MI,6.0,591,97.14,65.95,17850636.0
Hardik Pandya,CSK,6.0,499,141.23,14.95,22678550.0
David Warner,RCB,2.0,594,116.43,,19947608.0
Virat Kohli,RR,1.0,553,141.68,39.0,23520795.0
Yashasvi Jaiswal,DC,13.0,272,140.1,43.78,26723065.0
KL Rahul,MI,14.0,702,154.04,62.27,27017482.0
Suryakumar Yadav,KKR,14.0,172,129.24,38.55,13222496.0
Ruturaj Gaikwad,RR,2.0,6,108.07,64.24,5127319.0
Virat Kohli,GT,4.0,154,145.41,51.38,5512193.0
Rinku Singh,LSG,2.0,521,181.32,13.48,23305181.0
Shubman Gill,KKR,1.0,545,163.04,16.72,9301264.0
Hardik Pandya,CSK,7.0,547,127.22,37.78,13427623.0
Rohit Sharma,CSK,11.0,517,192.91,34.77,18965345.0
Faf du Plessis,GT,11.0,214,190.34,60.77,5728165.0
KL Rahul,RCB,12.0,133,113.03,48.56,19825173.0
Suryakumar Yadav,PBKS,8.0,284,94.34,34.11,5933671.0
Faf du Plessis,KKR,6.0,125,171.54,17.81,18720242.0
Virat Kohli,KKR,4.0,438,181.04,22.01,11513231.0
Hardik Pandya,SRH,14.0,848,196.47,48.16,16839628.0
Hardik Pandya,RR,6.0,685,187.88,36.76,7824665.0
Yashasvi Jaiswal,DC,3.0,151,156.06,43.62,28745566.0
Ravindra Jadeja,RR,12.0,330,148.31,17.8,8006374.0
Ravindra Jadeja,PBKS,8.0,537,93.06,54.72,23698302.0
Shubman Gill,CSK,10.0,382,117.13,68.94,29174127.0
Yashasvi Jaiswal,CSK,14.0,114,140.56,24.35,24464495.0
Sanju Samson,CSK,,893,,41.86,26639563.0
Shubman Gill,SRH,13.0,481,151.3,78.16,25926874.0
Sanju Samson,CSK,2.0,283,171.69,29.99,5674075.0
Ravindra Jadeja,PBKS,5.0,898,120.77,49.63,18074511.0
Yashasvi Jaiswal,GT,1.0,74,152.14,11.76,26466803.0
Sanju Samson,DC,6.0,165,99.7,50.45,5742476.0
KL Rahul,PBKS,2.0,188,,11.72,17731100.0
Yashasvi Jaiswal,DC,4.0,77,172.52,76.94,5561032.0
Ravindra Jadeja,PBKS,6.0,601,166.27,58.67,11416153.0
Shubman Gill,CSK,10.0,687,198.97,64.11,17015131.0
Jasprit Bumrah,GT,11.0,20,120.57,57.81,17174696.0
Yashasvi Jaiswal,KKR,8.0,565,144.8,49.23,15881100.0
Rohit Sharma,RR,12.0,183,126.25,38.74,7333180.0
Suryakumar Yadav,LSG,8.0,870,138.47,69.38,6055752.0
Ravindra Jadeja,GT,11.0,221,184.26,76.76,29994990.0
MS Dhoni,KKR,6.0,826,165.26,42.43,25699597.0
MS Dhoni,RCB,4.0,327,,74.87,6506610.0
Shubman Gill,PBKS,8.0,178,112.39,48.75,26485131.0
Shubman Gill,RCB,13.0,787,186.07,45.38,20878388.0
Faf du Plessis,KKR,8.0,111,96.57,39.09,6093753.0
Suryakumar Yadav,GT,10.0,735,187.75,20.7,19115000.0
Suryakumar Yadav,PBKS,14.0,725,126.2,5.28,8671013.0
KL Rahul,LSG,1.0,58,124.6,23.11,15938306.0
Shubman Gill,CSK,4.0,326,146.33,43.23,10155577.0
Suryakumar Yadav,PBKS,4.0,620,193.48,33.5,22273400.0
Rinku Singh,PBKS,7.0,896,95.26,38.64,6034549.0
Faf du Plessis,GT,14.0,668,128.75,78.55,28713139.0
Sanju Samson,GT,14.0,190,184.22,31.27,24121807.0
Hardik Pandya,KKR,11.0,199,133.57,38.91,12287613.0
Hardik Pandya,MI,7.0,311,111.91,15.01,17463071.0
Sanju Samson,PBKS,13.0,707,136.73,8.6,5095287.0
Ruturaj Gaikwad,RR,11.0,34,132.41,63.16,16653910.0
Ravindra Jadeja,PBKS,8.0,378,190.7,47.8,13330512.0
Faf du Plessis,KKR,11.0,386,173.81,62.05,16266511.0
Rinku Singh,DC,5.0,757,145.56,16.24,18752997.0
Suryakumar Yadav,RCB,7.0,236,198.72,47.89,23173383.0
Jasprit Bumrah,CSK,8.0,615,141.18,24.02,25818898.0
Faf du Plessis,MI,9.0,518,96.41,22.1,16983517.0
Yashasvi Jaiswal,LSG,3.0,282,118.85,5.86,11015673.0
Sanju Samson,LSG,3.0,0,137.97,14.78,9158433.0
Rinku Singh,LSG,4.0,730,107.26,28.2,27899221.0
Rohit Sharma,GT,5.0,463,194.23,13.77,15842219.0
David Warner,LSG,10.0,229,174.35,78.94,9683024.0
Virat Kohli,CSK,1.0,171,119.51,28.15,11150158.0
Ravindra Jadeja,RCB,7.0,86,154.99,14.77,23243953.0
Sanju Samson,LSG,9.0,552,169.36,19.93,23878111.0
Jasprit Bumrah,PBKS,8.0,122,193.54,49.08,22856716.0
Suryakumar Yadav,PBKS,5.0,842,186.98,9.8,16675604.0
Jasprit Bumrah,GT,14.0,297,146.67,69.68,25839536.0
Jasprit Bumrah,CSK,14.0,884,175.21,77.11,19509735.0
Shubman Gill,RCB,4.0,689,151.84,23.51,25253948.0
Shubman Gill,MI,12.0,574,150.8,38.76,22736120.0
KL Rahul,KKR,7.0,483,102.62,6.66,7837689.0
Sanju Samson,RCB,5.0,164,103.88,53.05,
KL Rahul,KKR,7.0,698,148.25,36.04,17738095.0
Sanju Samson,DC,12.0,382,119.57,25.25,17172190.0
Ravindra Jadeja,KKR,1.0,208,92.31,20.51,17514923.0
Faf du Plessis,RR,1.0,738,169.51,54.05,27664352.0
Virat Kohli,PBKS,10.0,431,93.57,36.22,11353056.0
Jasprit Bumrah,CSK,14.0,388,155.48,18.47,26545830.0
Ravindra Jadeja,SRH,13.0,559,149.31,,8804287.0
Faf du Plessis,GT,3.0,223,196.57,47.38,18407382.0
David Warner,RR,14.0,2,143.26,69.4,19276054.0
Hardik Pandya,KKR,11.0,371,97.0,13.81,29387289.0
MS Dhoni,LSG,2.0,686,150.69,63.92,22366045.0
Yashasvi Jaiswal,CSK,2.0,445,182.52,55.51,16641304.0
Rinku Singh,RR,7.0,610,199.65,13.63,27559276.0
Sanju Samson,GT,12.0,115,137.34,57.11,24800143.0
David Warner,PBKS,10.0,269,125.23,38.12,20753455.0
Hardik Pandya,CSK,2.0,446,189.73,75.87,27446669.0
Suryakumar Yadav,GT,11.0,367,111.04,15.62,9662608.0
Ruturaj Gaikwad,DC,4.0,252,157.7,53.21,20482763.0
Virat Kohli,DC,2.0,316,134.63,33.65,11930207.0
Rinku Singh,GT,6.0,414,94.52,76.76,23757559.0
KL Rahul,RR,8.0,94,128.2,29.75,9658455.0
KL Rahul,CSK,10.0,784,119.18,77.16,26853299.0
Faf du Plessis,RR,4.0,891,165.47,72.61,8336460.0
Rinku Singh,MI,5.0,23,194.37,25.28,6245175.0
Shubman Gill,KKR,4.0,627,119.49,65.27,28263123.0
Hardik Pandya,MI,3.0,662,179.26,79.67,20036750.0
Ruturaj Gaikwad,DC,5.0,849,96.09,23.95,
David Warner,PBKS,14.0,49,149.19,37.76,16863092.0
Virat Kohli,RCB,9.0,501,97.76,44.01,13526915.0
Ravindra Jadeja,KKR,,717,192.74,27.12,22914549.0
Hardik Pandya,DC,8.0,497,174.3,6.14,20564571.0
Ruturaj Gaikwad,RR,8.0,334,162.37,21.51,11588209.0
MS Dhoni,RR,12.0,78,180.63,26.15,16374977.0
Sanju Samson,RR,8.0,581,161.23,38.27,24825774.0
Ravindra Jadeja,PBKS,7.0,26,196.58,17.83,8601817.0
KL Rahul,MI,8.0,270,168.54,70.49,23545710.0
Ravindra Jadeja,RCB,11.0,561,191.71,57.87,13712985.0
David Warner,RR,14.0,803,146.88,11.39,10616467.0
KL Rahul,SRH,8.0,246,102.88,53.76,6203049.0
David Warner,KKR,13.0,775,148.1,54.02,14182811.0
Faf du Plessis,CSK,14.0,590,103.96,76.72,27978935.0
Shubman Gill,SRH,8.0,386,155.17,5.23,29584915.0
David Warner,RCB,12.0,701,143.07,23.59,24239113.0
KL Rahul,PBKS,10.0,558,158.48,74.58,25318102.0
Faf du Plessis,RCB,7.0,360,91.11,74.91,17210084.0
David Warner,CSK,12.0,865,111.43,59.04,16397416.0
MS Dhoni,KKR,1.0,487,144.05,62.43,9775634.0
Ravindra Jadeja,CSK,4.0,351,194.56,11.86,14228780.0
Shubman Gill,GT,13.0,700,132.2,43.54,28265617.0
David Warner,KKR,13.0,255,136.68,22.37,6619888.0
Faf du Plessis,RCB,4.0,221,168.62,18.59,23504602.0
Suryakumar Yadav,RR,5.0,883,156.42,65.77,18331521.0
Hardik Pandya,RCB,10.0,752,122.88,15.13,5795415.0
Rohit Sharma,RCB,6.0,780,135.19,40.15,18127195.0
Ruturaj Gaikwad,KKR,4.0,0,113.95,75.39,17697499.0
Rohit Sharma,GT,2.0,545,196.26,18.94,18864564.0
Suryakumar Yadav,RCB,6.0,445,104.37,78.35,24621356.0
Rohit Sharma,SRH,8.0,78,130.9,79.57,6087462.0
Suryakumar Yadav,DC,8.0,235,92.84,46.67,29468417.0
Virat Kohli,LSG,7.0,333,114.4,17.76,18201220.0
Suryakumar Yadav,LSG,6.0,888,175.85,28.71,8672689.0
Suryakumar Yadav,RCB,2.0,348,112.13,36.84,22729610.0
Jasprit Bumrah,SRH,7.0,97,98.81,28.2,27884041.0
Suryakumar Yadav,RR,11.0,81,,26.05,19917690.0
MS Dhoni,PBKS,12.0,501,91.1,77.92,21607617.0
Hardik Pandya,PBKS,14.0,476,99.32,16.5,17044302.0
Sanju Samson,KKR,14.0,703,178.84,60.0,29691942.0
David Warner,LSG,5.0,764,174.86,5.03,5396904.0
Ruturaj Gaikwad,RCB,,549,190.67,49.71,29710820.0
Shubman Gill,PBKS,10.0,13,184.0,73.7,10780833.0
Hardik Pandya,RCB,8.0,391,165.15,26.6,9165666.0
KL Rahul,KKR,14.0,346,,18.91,13814324.0
Sanju Samson,LSG,8.0,309,176.11,53.88,13948693.0
Virat Kohli,CSK,3.0,385,183.01,58.45,27760222.0
Virat Kohli,DC,12.0,208,,56.6,11185430.0
Yashasvi Jaiswal,DC,12.0,356,145.93,28.95,15063811.0
Ravindra Jadeja,PBKS,14.0,600,115.62,23.92,10880599.0
Suryakumar Yadav,DC,,567,182.99,76.69,12572307.0
Hardik Pandya,CSK,1.0,93,169.99,74.25,9597158.0
Faf du Plessis,RCB,1.0,92,197.88,39.3,11050485.0
Jasprit Bumrah,KKR,7.0,339,107.13,68.46,20348646.0
Rohit Sharma,CSK,10.0,596,114.82,38.92,5181136.0
KL Rahul,KKR,9.0,444,,36.83,18799570.0
Virat Kohli,KKR,7.0,756,177.18,16.76,20222447.0
Ruturaj Gaikwad,LSG,10.0,21,110.56,36.98,10366434.0
Virat Kohli,RCB,5.0,290,97.33,45.31,24269023.0
Shubman Gill,SRH,8.0,484,199.84,6.69,16397806.0
David Warner,DC,2.0,783,92.73,38.31,23585069.0
Virat Kohli,SRH,9.0,305,181.88,63.6,20158830.0
Shubman Gill,LSG,6.0,633,130.19,56.0,14311487.0
Hardik Pandya,KKR,13.0,127,182.58,52.64,19244799.0
Hardik Pandya,PBKS,9.0,624,151.01,73.22,19262957.0
Jasprit Bumrah,DC,2.0,272,189.18,6.35,11513766.0
Ravindra Jadeja,DC,3.0,847,191.88,46.78,26778552.0
Yashasvi Jaiswal,RCB,12.0,441,91.0,64.05,27808994.0
Sanju Samson,GT,8.0,502,98.3,45.6,25703581.0
Virat Kohli,MI,1.0,129,117.54,29.29,15985104.0
Ruturaj Gaikwad,MI,10.0,131,163.62,15.22,15137641.0
Virat Kohli,MI,7.0,596,187.71,71.57,7993518.0
Yashasvi Jaiswal,GT,7.0,481,140.59,40.31,26667768.0
Rinku Singh,RCB,13.0,861,156.77,70.86,10993265.0
Ruturaj Gaikwad,GT,1.0,389,110.73,48.94,29816440.0
MS Dhoni,MI,9.0,592,178.55,55.56,6057980.0
Suryakumar Yadav,LSG,8.0,324,196.41,65.32,7032479.0
Sanju Samson,CSK,4.0,68,119.55,54.44,25560419.0
MS Dhoni,KKR,10.0,659,144.43,34.85,5896881.0
Rinku Singh,GT,11.0,447,99.47,43.52,23377764.0
Rinku Singh,RCB,5.0,527,151.51,65.23,6641455.0
Yashasvi Jaiswal,RCB,2.0,818,145.31,33.02,29499213.0
Virat Kohli,SRH,13.0,616,105.89,34.11,9927386.0
Yashasvi Jaiswal,CSK,9.0,164,138.63,12.18,5264826.0
Yashasvi Jaiswal,PBKS,12.0,487,126.75,73.59,20839826.0
Rinku Singh,DC,12.0,712,147.4,11.83,24641837.0
Sanju Samson,MI,6.0,708,154.42,53.62,8691848.0
MS Dhoni,PBKS,3.0,425,90.93,35.99,12881317.0
Rohit Sharma,SRH,12.0,696,173.71,35.42,18928272.0
Virat Kohli,MI,7.0,833,168.43,55.97,10712978.0
Rinku Singh,CSK,9.0,264,130.29,10.03,27060587.0
MS Dhoni,SRH,3.0,874,95.82,49.53,12190063.0
Ravindra Jadeja,MI,2.0,611,173.04,62.9,27148664.0
Rohit Sharma,CSK,7.0,341,195.07,67.12,19007882.0
Rohit Sharma,RR,7.0,831,116.42,17.79,6645589.0
Hardik Pandya,PBKS,4.0,725,125.59,72.31,15613891.0
Jasprit Bumrah,PBKS,11.0,277,110.22,54.21,22871312.0
Virat Kohli,DC,9.0,673,153.46,71.14,28702829.0
Rohit Sharma,CSK,14.0,438,107.03,41.4,24463098.0
Rinku Singh,GT,8.0,156,129.18,45.65,8931041.0
Hardik Pandya,RR,13.0,421,166.67,73.93,18784330.0
MS Dhoni,LSG,13.0,250,151.61,72.49,16906167.0
Ravindra Jadeja,MI,1.0,877,132.51,38.61,28716407.0
Shubman Gill,RR,1.0,608,136.23,25.58,29703013.0
Virat Kohli,CSK,5.0,529,151.83,34.49,26984365.0
Sanju Samson,KKR,6.0,326,90.65,34.08,15303069.0
Yashasvi Jaiswal,MI,3.0,894,98.64,26.52,15936713.0
Ruturaj Gaikwad,RCB,13.0,96,186.94,25.14,27197657.0
Ruturaj Gaikwad,PBKS,9.0,512,98.57,69.58,
MS Dhoni,CSK,12.0,215,167.75,10.24,18117447.0
Faf du Plessis,RCB,10.0,131,191.2,55.82,29317371.0
Faf du Plessis,DC,14.0,259,119.78,17.96,6763655.0
MS Dhoni,SRH,6.0,124,130.75,30.84,23253686.0
Rinku Singh,LSG,4.0,81,152.58,9.62,12332129.0
Rohit Sharma,LSG,12.0,282,186.99,25.25,18063930.0
Jasprit Bumrah,RCB,7.0,682,193.61,62.63,20935998.0
Virat Kohli,PBKS,8.0,58,171.35,71.38,29256396.0
Ruturaj Gaikwad,DC,9.0,543,99.53,21.61,14324118.0
Ruturaj Gaikwad,KKR,13.0,160,163.61,39.77,10389003.0
Jasprit Bumrah,PBKS,11.0,283,135.13,40.27,28466202.0
Rohit Sharma,RR,6.0,105,141.78,70.52,6542549.0
Ruturaj Gaikwad,LSG,6.0,104,95.41,62.21,24859423.0
Yashasvi Jaiswal,RR,8.0,438,111.02,43.48,27931448.0
Sanju Samson,MI,12.0,227,176.96,55.31,24933180.0
Virat Kohli,GT,5.0,699,139.94,68.55,7132720.0
David Warner,CSK,14.0,581,123.18,5.72,17165951.0
Ruturaj Gaikwad,DC,3.0,317,132.24,35.22,24246700.0
MS Dhoni,PBKS,,463,,73.04,17861408.0
Sanju Samson,LSG,3.0,801,172.39,60.52,9453595.0
Ruturaj Gaikwad,RR,13.0,598,119.95,45.71,26410386.0
Suryakumar Yadav,SRH,6.0,881,102.93,44.72,17986474.0
Ravindra Jadeja,MI,2.0,873,117.72,31.08,15541664.0
Yashasvi Jaiswal,CSK,6.0,471,191.28,44.04,23757331.0
Sanju Samson,CSK,13.0,55,153.97,54.15,5908573.0
Hardik Pandya,PBKS,6.0,624,148.68,36.38,20469349.0
David Warner,DC,8.0,12,155.6,58.56,5346300.0
Ravindra Jadeja,KKR,7.0,439,130.26,69.59,9460624.0
KL Rahul,SRH,8.0,17,178.78,16.6,5624747.0
MS Dhoni,PBKS,14.0,693,147.56,38.87,21147776.0
MS Dhoni,RR,9.0,112,102.84,35.6,16672237.0
Virat Kohli,GT,6.0,228,104.2,56.56,19803289.0
Jasprit Bumrah,RCB,14.0,170,149.05,23.74,7318890.0
Ravindra Jadeja,KKR,3.0,294,193.02,53.02,14293498.0
Sanju Samson,DC,10.0,188,123.92,70.81,28929031.0
Rohit Sharma,MI,3.0,425,185.65,36.36,7575228.0
MS Dhoni,KKR,11.0,78,174.05,73.33,9050338.0
Sanju Samson,LSG,12.0,657,117.26,79.49,13631334.0
Rinku Singh,DC,1.0,181,94.0,12.96,14109810.0
Sanju Samson,GT,11.0,498,101.2,22.48,8574787.0
Rinku Singh,LSG,13.0,797,170.13,76.28,14094776.0
Suryakumar Yadav,KKR,5.0,761,111.96,76.87,27443855.0
Shubman Gill,RCB,14.0,865,130.84,12.33,13854604.0
Shubman Gill,RCB,4.0,825,145.19,6.12,23176178.0
KL Rahul,GT,9.0,707,169.8,17.08,27891140.0
Hardik Pandya,CSK,9.0,834,102.46,79.7,25756278.0
KL Rahul,SRH,14.0,70,134.7,18.5,20451876.0
Rinku Singh,MI,5.0,247,143.36,42.69,23120979.0
Ravindra Jadeja,CSK,10.0,145,149.49,68.63,11427799.0
Ruturaj Gaikwad,RCB,4.0,617,180.02,6.53,22636515.0
Rohit Sharma,RCB,7.0,774,108.88,50.34,7436385.0
Ruturaj Gaikwad,RR,6.0,295,178.86,25.78,26816697.0
Faf du Plessis,LSG,4.0,581,166.22,69.68,14927276.0
Ruturaj Gaikwad,KKR,13.0,469,151.15,26.26,5979581.0
Virat Kohli,MI,13.0,505,166.95,56.51,12530223.0
Ruturaj Gaikwad,GT,10.0,192,135.32,55.57,8812661.0
KL Rahul,KKR,2.0,67,105.22,21.61,19308257.0
MS Dhoni,RR,1.0,493,163.23,7.61,7969554.0
Yashasvi Jaiswal,RCB,4.0,816,147.71,35.69,23112400.0
MS Dhoni,GT,4.0,51,160.33,26.69,29366468.0
Shubman Gill,RCB,13.0,881,127.18,65.67,6484632.0
Yashasvi Jaiswal,MI,1.0,362,189.76,65.03,10160593.0
Jasprit Bumrah,LSG,6.0,796,154.61,39.28,23370742.0
Rohit Sharma,KKR,4.0,473,,50.49,26776180.0
Rohit Sharma,KKR,1.0,845,139.48,50.32,19598215.0
Virat Kohli,CSK,1.0,520,173.2,67.04,28160460.0
Ravindra Jadeja,GT,13.0,762,177.35,36.88,9662543.0
KL Rahul,SRH,1.0,430,144.41,25.66,11535893.0
Shubman Gill,RR,8.0,843,188.42,24.88,15198483.0
Suryakumar Yadav,SRH,10.0,297,119.44,45.21,14255180.0
Faf du Plessis,CSK,8.0,434,135.17,38.69,8097619.0
Ravindra Jadeja,MI,2.0,695,188.85,38.01,20362625.0
Rohit Sharma,RR,11.0,690,188.59,11.84,11097890.0
MS Dhoni,LSG,13.0,197,165.43,,19730030.0
Ruturaj Gaikwad,SRH,7.0,127,184.49,21.03,16525284.0
Ruturaj Gaikwad,LSG,14.0,531,99.77,19.77,25069241.0
Jasprit Bumrah,SRH,8.0,410,185.15,35.96,16944245.0
Shubman Gill,LSG,8.0,839,125.27,,8480069.0
KL Rahul,SRH,11.0,64,109.62,48.79,9575363.0
KL Rahul,LSG,10.0,693,116.33,32.86,22197810.0
Hardik Pandya,CSK,11.0,240,135.98,38.67,8000758.0
Rinku Singh,DC,13.0,368,117.63,45.29,5929441.0
David Warner,RR,7.0,535,125.26,20.27,24989274.0
Rohit Sharma,GT,5.0,383,104.85,16.68,5702726.0
KL Rahul,MI,1.0,430,122.58,71.03,
Jasprit Bumrah,PBKS,12.0,82,152.95,37.53,11131630.0
MS Dhoni,RCB,9.0,830,138.6,35.91,13297696.0
Shubman Gill,GT,13.0,696,128.14,7.67,16055361.0
Faf du Plessis,RCB,7.0,827,172.11,42.35,15720489.0
Hardik Pandya,RR,2.0,610,188.29,46.56,28825743.0
Jasprit Bumrah,GT,6.0,573,173.25,46.91,14726360.0
Sanju Samson,LSG,2.0,285,126.52,58.03,23310971.0
Virat Kohli,LSG,1.0,533,171.89,18.31,6041431.0
Faf du Plessis,PBKS,14.0,458,106.72,23.92,25771086.0
Rinku Singh,RCB,7.0,211,104.33,65.8,10600350.0
Sanju Samson,MI,13.0,125,128.02,76.04,8494029.0
Suryakumar Yadav,RR,2.0,412,178.85,15.19,13830645.0
Rinku Singh,LSG,13.0,498,117.1,42.32,17611277.0
Ruturaj Gaikwad,DC,14.0,424,96.96,21.06,10518213.0
Virat Kohli,CSK,14.0,553,104.49,9.51,27490061.0
Rohit Sharma,CSK,2.0,609,184.46,29.41,8677264.0
MS Dhoni,SRH,13.0,542,159.72,15.78,16538705.0
Virat Kohli,MI,11.0,157,117.85,58.24,7554131.0
Rinku Singh,CSK,5.0,111,151.08,45.03,6884624.0
David Warner,SRH,,401,148.03,15.79,12787727.0
Sanju Samson,RCB,5.0,758,162.1,5.69,15851623.0
Rohit Sharma,LSG,7.0,121,115.65,65.61,27192051.0
Yashasvi Jaiswal,LSG,1.0,272,185.08,18.21,23383135.0
David Warner,DC,8.0,293,124.03,50.47,25647035.0
Ruturaj Gaikwad,GT,3.0,397,166.35,30.27,15445675.0
David Warner,CSK,4.0,470,91.77,48.91,19010312.0
Hardik Pandya,RCB,9.0,206,130.99,28.67,13658202.0
Hardik Pandya,KKR,4.0,109,128.69,11.52,24347635.0
Suryakumar Yadav,CSK,10.0,439,149.78,21.72,5050272.0
Rinku Singh,MI,12.0,277,98.0,19.1,14442494.0
Shubman Gill,GT,5.0,567,176.91,37.1,18663305.0
Faf du Plessis,CSK,7.0,886,113.96,54.37,13874768.0
Faf du Plessis,RCB,4.0,568,164.47,24.79,29554992.0
Yashasvi Jaiswal,CSK,14.0,481,178.35,5.91,18556195.0
Yashasvi Jaiswal,MI,1.0,802,151.81,43.92,
Rohit Sharma,KKR,9.0,113,171.5,50.43,9276945.0
Ruturaj Gaikwad,RR,4.0,892,162.8,77.22,19370931.0
KL Rahul,PBKS,9.0,896,129.11,49.21,27751766.0
Suryakumar Yadav,KKR,6.0,819,178.97,40.34,6588321.0
Hardik Pandya,SRH,1.0,852,122.42,48.01,23916679.0
Rohit Sharma,CSK,12.0,476,152.83,74.59,25844428.0
KL Rahul,LSG,3.0,709,171.99,67.13,12491990.0
Faf du Plessis,DC,11.0,320,131.69,29.22,12810360.0
Shubman Gill,LSG,2.0,178,123.3,22.79,6492669.0
David Warner,KKR,9.0,896,140.53,24.7,21551253.0
Hardik Pandya,LSG,12.0,218,179.98,42.83,27184430.0
Rohit Sharma,RCB,1.0,788,192.29,60.8,19549939.0
Virat Kohli,LSG,13.0,527,149.96,42.74,
KL Rahul,GT,14.0,491,162.76,,22564776.0
David Warner,RR,9.0,890,189.36,59.27,19235298.0
Hardik Pandya,CSK,9.0,60,100.84,65.45,7146081.0
Faf du Plessis,LSG,8.0,53,115.53,26.71,20286048.0
Jasprit Bumrah,MI,8.0,679,167.98,54.81,11668845.0
Ruturaj Gaikwad,RR,11.0,537,180.61,36.99,26767760.0
KL Rahul,RR,14.0,847,,71.68,10862316.0
Faf du Plessis,LSG,12.0,64,135.66,68.39,24320466.0
Hardik Pandya,RR,1.0,611,99.83,44.41,20488221.0
KL Rahul,DC,11.0,585,138.16,56.86,10577558.0
Suryakumar Yadav,LSG,8.0,703,,71.25,8447822.0
David Warner,RCB,10.0,170,122.03,42.18,5083576.0
Ravindra Jadeja,KKR,14.0,272,174.95,28.49,7117709.0
Hardik Pandya,GT,3.0,888,98.31,61.52,16031873.0
Suryakumar Yadav,PBKS,11.0,698,181.03,21.5,26007600.0
Sanju Samson,SRH,7.0,534,137.04,34.14,9174865.0
Rohit Sharma,RR,11.0,390,155.57,69.93,25706047.0
Jasprit Bumrah,RCB,1.0,692,99.86,59.33,18820357.0
Yashasvi Jaiswal,CSK,1.0,326,127.11,35.29,13011194.0
David Warner,CSK,10.0,107,99.87,21.11,6977247.0
KL Rahul,SRH,13.0,846,195.77,31.7,26465364.0
Ruturaj Gaikwad,GT,5.0,161,178.8,26.31,23392487.0
Faf du Plessis,RR,5.0,813,140.56,18.21,16654619.0
Yashasvi Jaiswal,DC,8.0,451,114.6,60.75,25984858.0
Virat Kohli,SRH,7.0,205,192.68,23.91,19305743.0
Faf du Plessis,GT,8.0,589,127.91,39.06,5178982.0
KL Rahul,RR,6.0,15,107.71,33.94,17451797.0
Jasprit Bumrah,RCB,6.0,326,151.95,78.66,16406718.0
Rinku Singh,KKR,2.0,607,193.82,34.33,12981806.0
Faf du Plessis,DC,6.0,658,90.42,11.0,8494412.0
Rinku Singh,PBKS,5.0,1,116.19,11.74,25901245.0
Rohit Sharma,CSK,13.0,9,193.23,49.31,8640503.0
Jasprit Bumrah,MI,3.0,433,108.82,49.95,10981377.0
Hardik Pandya,RCB,6.0,124,102.46,36.41,18026765.0
Suryakumar Yadav,CSK,8.0,80,152.72,37.39,
Virat Kohli,LSG,9.0,484,184.8,9.04,14215003.0
MS Dhoni,MI,1.0,651,142.48,43.74,26964607.0
KL Rahul,CSK,3.0,837,199.4,42.86,10643846.0
Shubman Gill,GT,3.0,149,164.71,16.22,28425745.0
MS Dhoni,DC,11.0,799,98.15,12.79,29795071.0
Faf du Plessis,CSK,8.0,872,199.21,14.27,16285878.0
Yashasvi Jaiswal,PBKS,1.0,339,134.87,12.58,6672675.0
KL Rahul,KKR,5.0,128,121.61,50.73,13897515.0
Suryakumar Yadav,GT,3.0,437,151.37,19.74,5932280.0
Sanju Samson,RCB,2.0,750,123.47,23.86,13766365.0
Suryakumar Yadav,RCB,8.0,500,99.51,18.02,7809939.0
Shubman Gill,RCB,3.0,57,90.16,76.84,25027831.0
Virat Kohli,RCB,7.0,197,139.45,69.1,16595422.0
Suryakumar Yadav,KKR,12.0,210,182.05,22.29,16789830.0
Ruturaj Gaikwad,CSK,11.0,44,152.95,29.57,7606041.0
Sanju Samson,RR,1.0,96,199.91,20.74,7375093.0
MS Dhoni,CSK,6.0,278,121.55,41.89,9165767.0
Hardik Pandya,LSG,3.0,534,120.85,6.47,16801782.0
Rohit Sharma,DC,8.0,409,107.57,55.35,7553540.0
Ruturaj Gaikwad,MI,6.0,460,,44.24,17714892.0
Ravindra Jadeja,RR,12.0,390,121.37,72.4,8619603.0
Sanju Samson,RR,2.0,846,177.21,17.33,19956447.0
Hardik Pandya,CSK,6.0,43,189.63,,16490235.0
Hardik Pandya,RR,7.0,26,197.26,64.4,28095985.0
KL Rahul,SRH,5.0,793,115.55,14.54,20698458.0
Sanju Samson,SRH,3.0,96,186.94,34.89,18673591.0
Virat Kohli,LSG,4.0,547,126.11,17.76,10719347.0
Faf du Plessis,MI,4.0,620,102.41,24.1,8234499.0
Shubman Gill,PBKS,6.0,566,185.7,24.74,20854868.0
Ravindra Jadeja,KKR,10.0,703,159.97,,28865638.0
Shubman Gill,CSK,1.0,218,108.12,35.86,8975220.0
MS Dhoni,KKR,11.0,184,137.28,76.08,15352047.0
MS Dhoni,PBKS,4.0,68,121.6,14.48,28866071.0
Shubman Gill,CSK,10.0,828,171.05,78.03,17853716.0
Suryakumar Yadav,CSK,13.0,129,139.88,22.3,
Virat Kohli,MI,4.0,566,198.82,62.97,27453135.0
Rinku Singh,KKR,10.0,889,96.02,30.42,24323426.0
Suryakumar Yadav,SRH,1.0,608,129.05,15.73,17723600.0
Yashasvi Jaiswal,RCB,9.0,847,143.01,69.34,29874744.0
Suryakumar Yadav,KKR,4.0,598,145.34,28.16,14616994.0
Rohit Sharma,DC,7.0,805,124.75,54.41,29834012.0
David Warner,DC,12.0,630,,47.48,28946891.0
Faf du Plessis,CSK,14.0,719,186.22,40.38,27822482.0
Rohit Sharma,RCB,3.0,333,193.26,42.19,9473391.0
KL Rahul,GT,10.0,153,178.56,59.92,18672213.0
David Warner,PBKS,12.0,546,183.56,11.58,11074746.0
David Warner,LSG,3.0,78,150.56,55.11,15309367.0
Sanju Samson,RCB,14.0,578,180.85,72.19,7631550.0
Virat Kohli,LSG,8.0,854,123.39,9.33,15984624.0
Virat Kohli,KKR,8.0,412,133.83,15.55,23830387.0
David Warner,KKR,11.0,545,124.86,58.75,8487104.0
Yashasvi Jaiswal,LSG,12.0,608,141.41,37.8,
Suryakumar Yadav,PBKS,1.0,168,121.41,35.27,24356885.0
Sanju Samson,RCB,10.0,680,195.78,15.27,8852312.0
Faf du Plessis,GT,2.0,662,124.41,43.01,19021057.0
David Warner,CSK,8.0,582,100.78,14.49,28911167.0
Ruturaj Gaikwad,MI,1.0,514,,40.75,8987400.0
MS Dhoni,KKR,12.0,313,96.28,62.27,27887880.0
MS Dhoni,DC,8.0,31,102.16,24.37,5993477.0
Rohit Sharma,PBKS,8.0,286,,41.06,15828893.0
KL Rahul,MI,2.0,593,141.08,79.4,24945166.0
Jasprit Bumrah,GT,4.0,42,137.66,56.5,9274098.0
Jasprit Bumrah,RR,6.0,616,177.97,68.1,15025396.0
MS Dhoni,CSK,12.0,0,171.34,36.11,18207054.0
Rinku Singh,KKR,11.0,572,136.9,62.59,25787889.0
Hardik Pandya,CSK,9.0,269,126.71,8.04,14172934.0
Rohit Sharma,MI,8.0,179,124.81,14.22,28909753.0
Jasprit Bumrah,CSK,12.0,735,175.14,20.23,7462282.0
MS Dhoni,RR,8.0,517,95.73,,12059559.0
KL Rahul,MI,7.0,102,91.41,68.43,14258789.0
Jasprit Bumrah,KKR,14.0,9,177.51,30.97,9427431.0
Suryakumar Yadav,RCB,13.0,582,142.49,54.1,9184001.0
Suryakumar Yadav,DC,9.0,89,104.4,58.2,25064239.0
Virat Kohli,MI,2.0,225,115.91,48.96,12519270.0
Yashasvi Jaiswal,SRH,3.0,669,192.58,31.79,26844331.0
Virat Kohli,RR,10.0,739,184.55,48.28,6904400.0
Faf du Plessis,MI,8.0,125,168.08,30.67,9122758.0
David Warner,MI,14.0,208,,11.29,6847669.0
Ruturaj Gaikwad,SRH,6.0,96,147.24,79.46,26305382.0
Virat Kohli,KKR,10.0,73,197.28,14.54,16196355.0
Ravindra Jadeja,MI,9.0,626,196.23,10.43,28116594.0
Jasprit Bumrah,DC,10.0,190,113.68,70.89,17027950.0
Rinku Singh,CSK,4.0,681,179.22,27.64,
Sanju Samson,KKR,8.0,818,111.7,53.77,9213720.0
MS Dhoni,DC,10.0,715,113.49,29.68,19693736.0
Sanju Samson,KKR,3.0,55,164.37,34.36,5476684.0
Ravindra Jadeja,DC,3.0,719,134.55,24.66,28196817.0
KL Rahul,RR,8.0,552,192.47,30.73,23686319.0
Virat Kohli,DC,5.0,31,99.79,35.8,23874432.0
Ruturaj Gaikwad,LSG,3.0,526,146.27,59.03,17651747.0
KL Rahul,DC,10.0,573,191.04,43.37,6250033.0
Hardik Pandya,RCB,11.0,666,189.45,75.77,6452847.0
Hardik Pandya,RCB,1.0,283,107.22,8.14,11189811.0
Sanju Samson,PBKS,,720,130.33,42.73,11149620.0
David Warner,LSG,12.0,831,158.1,48.82,25791892.0
Rohit Sharma,LSG,9.0,493,107.53,74.01,18434010.0
David Warner,CSK,5.0,186,196.48,8.69,16390486.0
Jasprit Bumrah,LSG,12.0,497,190.62,48.01,29121137.0
Ravindra Jadeja,CSK,10.0,441,108.36,69.02,29235442.0
Suryakumar Yadav,PBKS,2.0,129,103.33,23.14,22950506.0
Faf du Plessis,PBKS,7.0,638,99.39,70.72,5965730.0
David Warner,RR,2.0,291,190.04,6.43,8701351.0
Yashasvi Jaiswal,RCB,4.0,113,111.3,59.93,8196275.0
Faf du Plessis,DC,12.0,198,135.79,74.98,9939113.0
Ravindra Jadeja,DC,7.0,12,139.37,54.29,28748719.0
Faf du Plessis,SRH,,270,155.89,37.93,19516676.0
Ruturaj Gaikwad,SRH,7.0,600,97.89,8.37,9467443.0
Virat Kohli,GT,7.0,214,114.94,74.01,13838312.0
Ruturaj Gaikwad,KKR,1.0,443,192.46,40.27,22828423.0
Faf du Plessis,RR,6.0,789,189.93,7.17,
KL Rahul,GT,9.0,511,,56.74,18457638.0
Hardik Pandya,GT,2.0,446,92.13,41.14,12689454.0
Faf du Plessis,MI,14.0,714,,14.33,26560279.0
Ruturaj Gaikwad,MI,3.0,73,159.08,21.07,11590716.0
Rinku Singh,GT,10.0,536,120.27,9.84,
Ravindra Jadeja,LSG,5.0,100,190.05,48.07,27447539.0
KL Rahul,KKR,9.0,175,159.73,51.65,18266341.0
Ruturaj Gaikwad,RR,4.0,426,97.91,42.93,10330222.0
David Warner,GT,1.0,116,189.99,66.28,
MS Dhoni,DC,4.0,165,195.35,69.58,5321345.0
Sanju Samson,KKR,6.0,40,,51.17,5866525.0
Rohit Sharma,MI,5.0,428,148.56,5.96,5447564.0
Suryakumar Yadav,DC,14.0,343,123.37,57.14,17076502.0
Ruturaj Gaikwad,MI,13.0,423,133.21,36.35,26054620.0
Yashasvi Jaiswal,MI,1.0,365,109.76,47.42,27885157.0
Rohit Sharma,KKR,4.0,119,153.59,53.68,14885820.0
Ravindra Jadeja,MI,6.0,608,195.38,31.27,15980068.0
Rinku Singh,PBKS,13.0,656,145.34,73.78,14660243.0
Shubman Gill,RCB,10.0,727,99.12,15.05,17101792.0
Ruturaj Gaikwad,PBKS,10.0,228,158.2,55.36,14687580.0
MS Dhoni,RCB,14.0,824,127.42,5.33,27794865.0
Rohit Sharma,SRH,4.0,129,184.15,74.35,15802766.0
Suryakumar Yadav,SRH,14.0,351,137.81,13.44,12290985.0
Faf du Plessis,MI,9.0,888,111.21,12.12,21805220.0
Ruturaj Gaikwad,RR,,317,111.02,29.98,22584119.0
Virat Kohli,RR,8.0,648,174.56,33.02,5524252.0
Rinku Singh,RCB,9.0,835,119.21,21.07,16101868.0
Ravindra Jadeja,DC,10.0,336,174.4,48.88,8336967.0
Sanju Samson,KKR,5.0,272,112.65,38.22,17160853.0
MS Dhoni,MI,6.0,116,125.39,7.56,23171905.0
Jasprit Bumrah,KKR,1.0,817,141.2,28.97,20743208.0
Jasprit Bumrah,PBKS,11.0,367,193.75,65.78,
Yashasvi Jaiswal,RR,12.0,93,192.49,56.73,10776634.0
Rohit Sharma,LSG,7.0,167,112.76,59.37,29339377.0
MS Dhoni,PBKS,4.0,714,129.4,57.36,12180096.0
KL Rahul,PBKS,11.0,340,106.43,28.32,21923755.0
Suryakumar Yadav,RCB,2.0,660,146.1,12.47,24889427.0
Sanju Samson,CSK,5.0,694,140.66,25.44,25523187.0
Faf du Plessis,PBKS,12.0,151,189.08,67.38,15633508.0
Ruturaj Gaikwad,MI,3.0,585,192.3,78.54,18726279.0
Ruturaj Gaikwad,GT,6.0,876,132.19,42.04,9881178.0
Jasprit Bumrah,GT,8.0,273,144.09,5.73,26518458.0
Ruturaj Gaikwad,MI,7.0,553,188.59,15.5,16612037.0
Ravindra Jadeja,CSK,3.0,495,178.74,29.16,15714924.0
Sanju Samson,CSK,8.0,723,90.4,48.39,29570283.0
Virat Kohli,RCB,2.0,100,125.21,10.63,19160636.0
Shubman Gill,RR,10.0,556,136.4,75.75,24533457.0
Yashasvi Jaiswal,KKR,9.0,81,115.27,32.38,26527159.0
Hardik Pandya,CSK,4.0,528,111.95,73.44,19137408.0
David Warner,LSG,1.0,72,94.16,63.54,10567768.0
Yashasvi Jaiswal,RCB,8.0,13,160.77,61.66,9874010.0
Rohit Sharma,SRH,7.0,432,118.88,50.5,28975302.0
Virat Kohli,DC,11.0,156,95.76,52.01,6170025.0
Yashasvi Jaiswal,SRH,13.0,734,115.41,52.85,18183900.0
Faf du Plessis,RCB,5.0,131,178.21,52.15,
Jasprit Bumrah,PBKS,10.0,337,183.66,46.53,29374819.0
Rinku Singh,KKR,13.0,403,143.14,78.98,9631813.0
Rohit Sharma,DC,5.0,375,135.77,59.92,14105304.0
Ruturaj Gaikwad,SRH,7.0,887,197.56,63.27,25453640.0
MS Dhoni,DC,5.0,558,112.06,70.43,21424403.0
Faf du Plessis,LSG,8.0,106,113.69,21.17,5263369.0
Rohit Sharma,LSG,11.0,619,122.11,11.29,28531674.0
Rinku Singh,LSG,13.0,264,109.0,41.22,18364520.0
Suryakumar Yadav,RCB,6.0,204,131.73,43.56,23367359.0
Ruturaj Gaikwad,KKR,13.0,78,190.19,67.19,12450433.0
Yashasvi Jaiswal,RCB,5.0,154,157.69,38.28,20955441.0
Yashasvi Jaiswal,GT,9.0,782,135.31,47.81,14160276.0
Rohit Sharma,PBKS,11.0,246,192.79,44.53,17506080.0
MS Dhoni,PBKS,2.0,530,95.33,7.87,
Suryakumar Yadav,LSG,,857,113.13,51.14,11121716.0
Ruturaj Gaikwad,GT,8.0,537,152.25,67.1,21946475.0
Rinku Singh,CSK,12.0,728,157.71,16.81,24121513.0
Shubman Gill,CSK,3.0,153,94.35,49.57,7407777.0
Yashasvi Jaiswal,LSG,14.0,153,134.33,49.52,28752507.0
Rinku Singh,SRH,11.0,685,161.41,17.31,
Virat Kohli,RCB,12.0,91,166.79,14.26,21976257.0
Yashasvi Jaiswal,LSG,12.0,432,160.2,78.5,10450486.0
Rinku Singh,RR,12.0,337,125.26,34.53,13367415.0
KL Rahul,DC,7.0,479,100.29,22.06,21742813.0
Jasprit Bumrah,PBKS,10.0,692,136.98,17.85,10997845.0
David Warner,CSK,13.0,130,104.16,55.07,24660525.0
Sanju Samson,MI,11.0,449,194.24,50.71,14118454.0
Jasprit Bumrah,CSK,8.0,809,142.27,53.27,28355984.0
Ravindra Jadeja,PBKS,13.0,786,124.9,11.6,12896419.0
Faf du Plessis,MI,13.0,363,163.78,18.41,6103183.0
Yashasvi Jaiswal,MI,1.0,362,189.76,65.03,10160593.0
Faf du Plessis,KKR,8.0,872,106.66,60.01,6662060.0
KL Rahul,KKR,11.0,78,127.12,5.8,7859224.0
Rohit Sharma,SRH,10.0,111,143.61,74.08,25321666.0
Ruturaj Gaikwad,RCB,13.0,96,186.94,25.14,27197657.0
Rinku Singh,CSK,8.0,846,118.61,75.93,16351514.0
Hardik Pandya,MI,5.0,720,161.31,56.56,28174146.0
Yashasvi Jaiswal,GT,12.0,859,101.75,38.68,27634457.0
Faf du Plessis,CSK,10.0,243,166.1,49.96,23661391.0
Jasprit Bumrah,GT,14.0,297,146.67,69.68,25839536.0
Suryakumar Yadav,GT,10.0,735,187.75,20.7,19115000.0
KL Rahul,GT,9.0,707,169.8,17.08,27891140.0
Sanju Samson,RCB,13.0,844,173.55,76.3,10648035.0
Jasprit Bumrah,PBKS,5.0,326,116.21,11.69,18118719.0
KL Rahul,KKR,5.0,128,121.61,50.73,13897515.0
Virat Kohli,CSK,2.0,557,147.79,68.0,8614670.0
Shubman Gill,RR,4.0,840,134.28,35.56,14980528.0
Jasprit Bumrah,LSG,8.0,507,177.46,5.05,21543597.0
Rinku Singh,DC,5.0,757,145.56,16.24,18752997.0
Jasprit Bumrah,LSG,1.0,82,112.39,24.68,19887035.0
Sanju Samson,RR,1.0,96,199.91,20.74,7375093.0
Sanju Samson,KKR,6.0,40,,51.17,5866525.0
KL Rahul,CSK,11.0,221,192.16,72.95,25891069.0
Rinku Singh,LSG,12.0,325,182.0,66.55,7783993.0
Suryakumar Yadav,PBKS,1.0,533,191.96,27.75,23325712.0
Sanju Samson,CSK,8.0,723,90.4,48.39,29570283.0
MS Dhoni,GT,10.0,470,137.61,8.04,8250060.0
MS Dhoni,RR,1.0,35,126.72,10.88,10769537.0
Virat Kohli,MI,7.0,120,125.88,25.04,27539942.0
Rohit Sharma,LSG,11.0,619,122.11,11.29,28531674.0
Yashasvi Jaiswal,LSG,12.0,541,198.48,9.24,14471696.0
Rinku Singh,LSG,13.0,797,170.13,76.28,14094776.0
Virat Kohli,GT,12.0,576,181.79,56.96,14484230.0
Faf du Plessis,PBKS,3.0,194,104.66,67.77,24339070.0
MS Dhoni,RCB,10.0,41,104.28,61.5,9377577.0
Faf du Plessis,DC,1.0,122,101.68,50.71,23397100.0
MS Dhoni,GT,13.0,444,161.33,11.25,25502779.0
KL Rahul,RCB,6.0,528,99.72,13.02,28281322.0
Jasprit Bumrah,GT,6.0,573,173.25,46.91,14726360.0
Ravindra Jadeja,CSK,12.0,740,143.42,70.96,11210239.0
Jasprit Bumrah,PBKS,14.0,529,96.43,73.42,12566169.0
Hardik Pandya,RCB,1.0,125,93.87,23.75,5107042.0
Jasprit Bumrah,GT,1.0,699,91.87,20.83,8041658.0
KL Rahul,KKR,1.0,178,195.86,32.28,10959429.0
Hardik Pandya,PBKS,4.0,725,125.59,72.31,15613891.0
Suryakumar Yadav,LSG,8.0,203,180.34,72.64,6499202.0
Rohit Sharma,KKR,4.0,473,,50.49,26776180.0
Ravindra Jadeja,MI,9.0,626,196.23,10.43,28116594.0
Rohit Sharma,DC,8.0,409,107.57,55.35,7553540.0
